Apriculus,apriculus,apriculus,N2,a2554,m,NcB
pondo,pondo,pondo,I,p2558,,X--
Alica,alica,alica,N1,a1350,f,NcA
Alica,alica,alicum,N2,a1350,n,NcB
Assibus,assibus,as/assis,N3B,a3009,m,NcC
Assibus,assibus,axis,N3B,a3654,m,NcC
calos,calos,calos,I,c0279,,X--
hoc,hoc,hic,PR,h0360,,Py-
Iulium,iulium,iulius,N2/1,i3221,*,Af-
Kalendas,kalendas,kalendae,N1,k0002,f,NcA
Victor,uictor,uictor,N3B,u0614,m,NcC
Reus,reus,reus,N2,r0643,m,NcB
Felix,felix,felix,N3A,f0327,*,Af-
Felix,felix,filix,N3B,f0539,f,NcC
Iusto,iusto,iusto,V1,i3086,,VmF
Iusto,iusto,iustus,N2/1,i3087,*,Af-
Iusto,iusto,iustum,N2,i3087,n,NcB
rogo,rogo,rogus/-um,N2,r0782,1,NcB
rogo,rogo,rogo,V1,r1472,,VmF
Restituta,restituta,restituo,V3,r1365,,VmH
vale,uale,ualeo,V2,u0050,,VmG
Russa,russa,russus,N2/1,r0934,*,Af-
quis,quis,quis,PR,q0198,,P4-
quis,quis,qui,PR,q9410,,P7-
quis,quis,queo,VA,q0178,,VmN
Nero,nero,neo,V2,n0211,,VmG
non,non,non,I,n9508,,X--
Mentula,mentula,mentula,N1,m0764,f,NcA
fellat,fellat,fello,V1,f0339,,VmF
Mula,mula,mula,N1,m1479,f,NcA
Fortunata,fortunata,fortuno,V1,f0898,,VmF
assibus,assibus,as/assis,N3B,a3009,m,NcC
assibus,assibus,axis,N3B,a3654,m,NcC
aeris,aeris,aer,N3B,a0965,2,NcC
aeris,aeris,aera,N1,a0966,f,NcA
aeris,aeris,aera,N1,a2283,f,NcA
aeris,aeris,aerius,N2/1,a0981,*,Af-
aeris,aeris,aerus,N2,a1001,m,NcB
aeris,aeris,aes,N3B,a1004,n,NcC
Rusticus,rusticus,rusticus,N2/1,r0943,*,Af-
et,et,et,I,e0997,,X--
pupa,pupa,pupa,N1,p2331,f,NcA
multis,multis,multa,N1,m1613,f,NcA
multis,multis,multus,N2/1,m1695,*,Af-
multis,multis,multum,N2,m1696,n,NcB
Proculum,proculum,proculus,N2/1,p3689,*,Af-
cunctorum,cunctorum,cunctus,N2/1,c4623,*,Au-
Hoc,hoc,hic,PR,h0360,,Py-
ingenuus,ingenuus,ingenuus/-os,N2/1,i1691,*,Af-
pudor,pudor,pudor,N3B,p4385,m,NcC
postulat,postulat,postulo,V1,p2751,,VmF
feliciter,feliciter,felicito,V1,f0323,,VmF
feliciter,feliciter,felix,N3A,f0327,*,Af-
viginti,uiginti,uiginti,N,u0645,,AnP
Sabine,sabine,sabus,N2,s0019,m,NcB
amat,amat,amo,V1,a1705,,VmF
Primigenius,primigenius,primigenius,N2/1,p3539,*,Af-
Primigenius,primigenius,primigenus,N2/1,p3540,*,Af-
Primigenius,primigenius,primigenius,N2/1,p3539,*,Af-
Castor,castor,castor,N3B,c0783,m,NcC
cum,cum,cum,I,c4579,,X--
cum,cum,cum,I,c4584,,X--
vitae,uitae,uita,N1,u0835,f,NcA
Anus,anus,annus,N2,a2077,m,NcB
Anus,anus,a"nus,N2,a2292,m,NcB
Anus,anus,anus,N4,a2293,f,NcD
scio,scio,scio,V4,s0654,,VmL
scio,scio,scius,N2/1,s0684,*,Af-
meminit,meminit,memini,VP,m0693,,VmN
mortis,mortis,mors,N3B,m1420,f,NcC
Lucius,lucius,lucius,N2,l1100,m,NcB
Servilius,seruilius,seruilis,N3A,s1418,*,Af-
Marcus,marcus,marcus,N2,m0377,m,NcB
Marcus,marcus,marcus,N2,m0944,m,NcB
Sextius,sextius,sextus,N2/1,s1541,*,Ao-
bene,bene,bene,I,b0256,,X--
bene,bene,b,I,b0000,,X--
bene,bene,bee,I,b0199,,X--
Sollemnes,sollemnes,sollemnis,N3A,s0564,*,Af-
Castrensis,castrensis,castrensis,N3A,c0793,*,Af-
quisquis,quisquis,quisquis,PR,q9211,,P2-
cathedra,cathedra,cathedra,N1,c0885,f,NcA
Magnus,magnus,magnus,N2/1,m0132,*,Af-
suae,suae,suus/-os,PR,s3894,*,Ps-
domina,domina,domina,N1,d0165,f,NcA
domina,domina,domino,V1,d1471,,VmF
modo,modo,modo,I,m9610,,X--
modo,modo,modus,N2,m1190,m,NcB
sunt,sunt,sum,VA,s3436,,VaN
Quota,quota,quotus,PR,q0323,*,P5-
capita,capita,capitum,N2,c0523,n,NcB
capita,capita,caput,N3B,c0592,n,NcC
quadrua,quadrua,quadruus,N2/1,q0094,*,Af-
sella,sella,sella,N1,s0977,f,NcA
dina,dina,diuinus,N2/1,d2040,*,Af-
vix,uix,uix,I,u0915,,X--
Anthis,anthis,anthus,N2,a2208,m,NcB
Fortunate,fortunate,fortuno,V1,f0898,,VmF
Fortunate,fortunate,fortuno,V1,f0898,,VmF
Marci,marci,marcus,N2,m0377,m,NcB
Marci,marci,marcus,N2,m0944,m,NcB
vera,uera,uera,N1,u0342,f,NcA
vera,uera,uer,N3B,u0342,n,NcC
vera,uera,uero,V1,u0410,,VmF
vera,uera,ue'rum,N2,u0462,n,NcB
vera,uera,uerus,N2/1,u0469,*,Af-
vera,uera,ue"rum,N2,u8133,n,NcB
pateris,pateris,patera,N1,p0551,f,NcA
pateris,pateris,patior/-io,V5,p0566,,VmM
nos,nos,nos,PR,n0773,,Pq-
futuere,futuere,futuo,V3,f1265,,VmH
futuere,futuere,futuo,V3,f1265,,VmH
Lucrio,lucrio,lucrio,N3B,l1108,m,NcC
Lucrio,lucrio,lucrius,N2/1,l1110,*,Af-
Faustus,faustus,faustus,N2/1,f0287,*,Af-
Acetabula,acetabula,acetabulum/-us,N2,a0356,1,NcB
semis,semis,semis,N3B,s1133,m,NcC
semis,semis,semus,N2/1,s8195,*,Af-
acetabula,acetabula,acetabulum/-us,N2,a0356,1,NcB
fututor,fututor,fututor,N3B,f1267,m,NcC
Felicula,felicula,filicula,N1,f0535,f,NcA
verna,uerna,uerna,N1,u0395,m,NcA
verna,uerna,uerno/-or,V1,u0406,,VmF
verna,uerna,uernus,N2/1,u0409,*,Af-
verna,uerna,uernum,N2,u0409,n,NcB
Nonas,nonas,nonus,N2/1,n0145,*,Ao-
Nonas,nonas,nona,N1,n0177,f,NcA
paenulam,paenulam,paenula,N1,p0018,f,NcA
Iulias,iulias,iulius,N2/1,i3221,*,Af-
posita,posita,pono,V3,p2562,,VmH
palliolum,palliolum,palliolum,N2,p0121,n,NcB
deduxit,deduxit,deduco,V3,d0323,,VmH
usura,usura,utor/-o,V3,u1333,,VmH
usura,usura,usura,N1,u1334,f,NcA
asses,asses,as/assis,N3B,a3009,m,NcC
asses,asses,asso,V1,a3183,,VmF
asses,asses,axis,N3B,a3654,m,NcC
Aulus,aulus,aulos/-us,N2,a3518,m,NcB
Sexto,sexto,sextus,N2/1,s1541,*,Ao-
bellis,bellis,bellis,N3B,b0238,f,NcC
bellis,bellis,bellis,N3B,b0238,f,NcC
bellis,bellis,bellum,N2,b0244,n,NcB
bellis,bellis,bellus,N2/1,b0245,*,Af-
moribus,moribus,mos,N3B,m1442,m,NcC
Panem,panem,panis/-e,N3B,p0232,1,NcC
Matris,matris,mater,N3B,m0448,f,NcC
caelo,caelo,caelo,V1,c0104,,VmF
caelo,caelo,caelum/-us,N2,c0105,1,NcB
caelo,caelo,caelum,N2,c9105,n,NcB
equitat,equitat,equito,V1,e0838,,VmF
Pacatus,pacatus,paco,V1,p0022,,VmF
vexillum,uexillum,uexillum/-us,N2,u0556,1,NcB
hic,hic,hic,PR,h0360,,Py-
Urbanus,urbanus,urbanus,N2/1,u1237,*,Af-
lusit,lusit,ludo,V3,l1157,,VmH
Idus,idus,idus,N4,i9914,f,NcD
decembres,decembres,december,N3A,d0145,*,Af-
Icare,icare,ico,V3,i0057,,VmH
nec,nec,nec,I,n0149,,X--
Communis,communis,communio,V4,c2746,,VmL
Communis,communis,communis,N3A,c4552,*,Af-
Communis,communis,commune,N3B,c4577,n,NcC
Verpa,uerpa,uerpa,N1,u0413,f,NcA
Verpa,uerpa,uerpus,N2/1,u0413,*,Af-
quae,quae,quis,PR,q0198,,P4-
quae,quae,qui,PR,q9410,,P7-
leges,leges,lego,V1,l0495,,VmF
leges,leges,lego,V3,l0496,,VmH
leges,leges,lex,N3B,l0648,f,NcC
istuc,istuc,istic/iste,PR,i2947,,Py-
scriptor,scriptor,scriptor,N3B,s0768,m,NcC
scriptor,scriptor,scripto,V1,s0766,,VmF
fidenter,fidenter,fido,V3,f0502,,VmH
ubique,ubique,ubique,I,u0167,,X--
Militibus,militibus,miles,N3B,m0974,m,NcC
habenda,habenda,habeo,V2,h0004,,VmG
fortunati,fortunati,fortuno,V1,f0898,,VmF
Vos,uos,uos,PR,u1223,,Pq-
annis,annis,annus,N2,a2077,m,NcB
annis,annis,a"nus,N2,a2292,m,NcB
Gnome,gnome,gnome,N1,g0455,f,NcA
Gnome,gnome,gnome,N1,g0455,f,NcA
Numerus,numerus,numerus,N2,n0662,m,NcB
Iulius,iulius,iulius,N2/1,i3221,*,Af-
Iulius,iulius,iulius,N2/1,i3221,*,Af-
Decimus,decimus,decimus,N2,d1059,m,NcB
Decimus,decimus,decimus,N2/1,d0935,*,Ao-
loco,loco,loco,V1,l0965,,VmF
loco,loco,locus,N2,l0360,m,NcB
loco,loco,locum,N2,l0379,n,NcB
habeo,habeo,habeo,V2,h0004,,VmG
Trifolio,trifolio,trifolium,N2,t1257,n,NcB
Flavi,flaui,flauus,N2/1,f0658,*,Af-
Flavi,flaui,flo,V1,f0679,,VmF
librari,librari,li'brarius,N2/1,l0704,*,Af-
librari,librari,librarius,N2,l0704,m,NcB
librari,librari,librarium,N2,l0704,n,NcB
librari,librari,li"brarius,N2/1,l9881,*,Af-
librari,librari,libro,V1,l0711,,VmF
domus,domus,domus,N4,d2164,f,NcD
domus,domus,domus,N2,d2164,f,NcB
emptus,emptus,emo,V3,e0479,,VmH
emptus,emptus,emptus,N4,e9972,m,NcD
ager,ager,ager,N2,a1137,m,NcB
signum,signum,signum,N2,s1628,n,NcB
Augustis,augustis,augustus,N2/1,a3492,*,Af-
Praefecto,praefecto,praeficio,V5,p2985,,VmM
Praefecto,praefecto,praefectus,N2,p9943,m,NcB
felices,felices,felix,N3A,f0327,*,Af-
felices,felices,filix,N3B,f0539,f,NcC
sumus,sumus,sum,VA,s3436,,VaN
valeamus,ualeamus,ualeo,V2,u0050,,VmG
Anthus,anthus,anthus,N2,a2208,m,NcB
quaesita,quaesita,quaero,V3,q0096,,VmH
quaesita,quaesita,quaesitum,N2,q9327,n,NcB
dies,dies,dies,N5,d1378,2,NcE
Primigenia,primigenia,primigenius,N2/1,p3539,*,Af-
sequere,sequere,sequor/-o,V3,s1348,,VmH
Prima,prima,primus,N2/1,p3562,*,Ao-
Prima,prima,primum,N2,p0665,n,NcB
Narcissus,narcissus,narcissus,N2,n0024,m,NcB
hac,hac,hic,PR,h0360,,Py-
sitiens,sitiens,sitio,V4,s1804,,VmL
Asses,asses,as/assis,N3B,a3009,m,NcC
Asses,asses,asso,V1,a3183,,VmF
Asses,asses,axis,N3B,a3654,m,NcC
Verus,uerus,ueru,N4,u0462,n,NcD
Verus,uerus,uerus,N2/1,u0469,*,Af-
Semis,semis,semis,N3B,s1133,m,NcC
Semis,semis,semus,N2/1,s8195,*,Af-
Crescens,crescens,cresco,V3,c4331,,VmH
Paris,paris,par/-is,N3A,p0286,*,Af-
Paris,paris,pario,V5,p0411,,VmM
Paris,paris,parrus,N2,p0288,m,NcB
Mus,mus,mus,N3B,m1804,m,NcC
Amandus,amandus,amo,V1,a1705,,VmF
Feliciter,feliciter,felicito,V1,f0323,,VmF
Feliciter,feliciter,felix,N3A,f0327,*,Af-
assem,assem,as/assis,N3B,a3009,m,NcC
assem,assem,asso,V1,a3183,,VmF
assem,assem,axis,N3B,a3654,m,NcC
Quid,quid,quis,PR,q0198,,P4-
extabant,extabant,exsto,V1,e1795,,VmF
apex,apex,apex,N3B,a2331,m,NcC
agit,agit,ago,V3,a1208,,VmH
dexter,dexter,dexter,N2/1,d0000,*,Af-
Inops,inops,inops,N3A,i1897,*,Af-
Spuri,spuri,spurius,N2/1,s2308,*,Af-
Spuri,spuri,spurius,N2,s2308,m,NcB
Spuri,spuri,spurium,N2,s2308,n,NcB
filia,filia,filia,N1,f0528,f,NcA
conveniunt,conueniunt,conuenio,V4,c3872,,VmL
huc,huc,huc,I,h0360,,X--
Fortunatus,fortunatus,fortuno,V1,f0898,,VmF
Primus,primus,primus,N2/1,p3562,*,Ao-
Eo,eo,eo,VA,e0655,,VmN
Eo,eo,is,PR,i2912,,P3-
Iucundus,iucundus,iucundus,N2/1,i2989,*,Af-
Lucidae,lucidae,lucidus,N2/1,l1086,*,Af-
December,december,december,N3A,d0145,*,Af-
prius,prius,prior,N3A,p3572,*,Af-
Nec,nec,nec,I,n0149,,X--
quam,quam,qui,PR,q9410,,P7-
absistit,absistit,absisto,V3,a0169,,VmH
ingentia,ingentia,ingens,N3A,i1689,*,Af-
septem,septem,septem,N,s1272,,AnP
corpora,corpora,corporo,V1,c4086,,VmF
corpora,corpora,corpus,N3B,c4091,n,NcC
victor,uictor,uictor,N3B,u0614,m,NcC
fundat,fundat,fundo,V3,f1176,,VmH
fundat,fundat,fundo,V1,f1177,,VmF
mille,mille,mille,N,m0992,,AnP
mille,mille,mille,N,m0992,,NnP
mille,mille,millus,N2,m0663,m,NcB
meis,meis,meus,PR,m0919,*,Ps-
meis,meis,meum,N2,m0920,n,NcB
Arma,arma,arma,N2,a2855,n,NcB
Arma,arma,armo,V1,a2888,,VmF
Arma,arma,armon,N2,a2889,n,NcB
adsueta,adsueta,assuesco,V3,a3194,,VmH
tibi,tibi,tu,PR,t1483,,Pq-
umeris,umeris,umerus,N2,u0988,m,NcB
ponam,ponam,pono,V3,p2562,,VmH
debita,debita,debitum,N2,d0070,n,NcB
debita,debita,debeo,V2,d0101,,VmG
mea,mea,meo,V1,m0768,,VmF
mea,mea,meus,PR,m0919,*,Ps-
mea,mea,meum,N2,m0920,n,NcB
prospera,prospera,prosper/-us,N2/1,p4124,*,Af-
prospera,prospera,prospero,V1,p4126,,VmF
confirmas,confirmas,confirmo,V1,c3256,,VmF
Venus,uenus,uenus,N3B,u0331,f,NcC
Venus,uenus,uenus,N4,u0470,f,NcD
Venus,uenus,uenus,N2,u0396,f,NcB
vota,uota,ueto,V1,u0539,,VmF
vota,uota,uoueo,V2,u1227,,VmG
vota,uota,uotum/-us,N2,u9882,1,NcB
Syntrophus,syntrophus,syntrophus,N2,s4000,m,NcB
cunnum,cunnum,cunnus,N2,c4643,m,NcB
canis,canis,canis/-es,N3B,c0409,2,NcC
canis,canis,canis/-es,N3B,c0409,2,NcC
canis,canis,cano,V3,c0428,,VmH
canis,canis,cani,N2,c0472,m,NcB
canis,canis,canus,N2/1,c0472,*,Af-
noli,noli,nolo,VA,n0489,,VmN
lingere,lingere,lingo,V3,l0821,,VmH
puellis,puellis,puella,N1,p2919,f,NcA
puellis,puellis,puellus,N2,p3224,m,NcB
ego,ego,ego,PR,e0218,,Pq-
Hic,hic,hic,PR,h0360,,Py-
bis,bis,bis,I,b0418,,X--
futui,futui,futuo,V3,f1265,,VmH
futui,futui,futuo,V3,f1265,,VmH
formae,formae,forma,N1,f0832,f,NcA
formae,formae,formus,N2/1,f0865,*,Af-
Quintum,quintum,quintus,N2/1,q0144,*,Ao-
Mimus,mimus,mimus,N2,m1005,m,NcB
Lucii,lucii,lucius,N2,l1100,m,NcB
liberta,liberta,liberta,N1,l0238,f,NcA
liberta,liberta,libertus,N2/1,l0224,*,Af-
Regulo,regulo,regulus,N2,r0320,m,NcB
Regulo,regulo,regulo/-or,V1,r1159,,VmF
verpa,uerpa,uerpa,N1,u0413,f,NcA
verpa,uerpa,uerpus,N2/1,u0413,*,Af-
quia,quia,quia,I,q0199,,X--
habenam,habenam,habena,N1,h0001,f,NcA
coliculum,coliculum,cauliculus,N2,c0974,m,NcB
betam,betam,beta,N1,b0287,f,NcA
betam,betam,bito,V3,b0436,,VmH
betam,betam,beta,N1,b0801,f,NcA
mentam,mentam,menta,N1,m0755,f,NcA
mentam,mentam,miniscor,V3,m1033,,VmH
Dominae,dominae,domina,N1,d0165,f,NcA
Domino,domino,dominus,N2,d0210,m,NcB
Domino,domino,domino,V1,d1471,,VmF
Severo,seuero,seuerus,N2/1,s1507,*,Af-
Severo,seuero,sero,V3,s1384,,VmH
sed,sed,se,PR,s0844,,Px-
sed,sed,sed,I,s0902,,X--
sed,sed,sine,I,s1737,,X--
irrumo,irrumo,irrumo,V1,i2905,,VmF
Decembris,decembris,december,N3A,d0145,*,Af-
filio,filio,filius,N2,f0538,m,NcB
Idibus,idibus,idus,N4,i9914,f,NcD
axungiam,axungiam,axungia,N1,a3661,f,NcA
alium,alium,alius,PR,a1506,*,Pu-
alium,alium,alium,N2,a1382,n,NcB
manipulos,manipulos,manipulus,N2,m0301,m,NcB
Propero,propero,propero,V1,p3969,,VmF
Propero,propero,properus,N2/1,p3971,*,Af-
fac,fac,facio,V5,f0048,,VmM
Sitio,sitio,sitio,V4,s1804,,VmL
curatores,curatores,curator,N3B,c4676,m,NcC
essetis,essetis,e'do,VA,e0094,,VmN
essetis,essetis,sum,VA,s3436,,VaN
vos,uos,uos,PR,u1223,,Pq-
viri,uiri,uirus,N2,u0803,,NcB
viri,uiri,uir,N2,u0750,m,NcB
boni,boni,bonus,N2/1,b0537,*,Af-
boni,boni,bonum,N2,b0144,n,NcB
commeatum,commeatum,commeatus,N4,c9867,m,NcD
commeatum,commeatum,commeo,V1,c2658,,VmF
commeatum,commeatum,commeo,V1,c2658,,VmF
tempus,tempus,tempus,N3B,t0008,n,NcC
tempus,tempus,tempus,N3B,t0264,n,NcC
daretis,daretis,do,V1,d2066,,VmF
negatis,negatis,nego,V1,n0185,,VmF
negatis,negatis,nego,V1,n0185,,VmF
semper,semper,semper,I,s1187,,X--
nunc,nunc,nunc,I,n0670,,X--
diem,diem,dies,N5,d1378,2,NcE
praebuit,praebuit,praebeo,V2,p2796,,VmG
Petilius,petilius,petilus,N2/1,p1801,*,Af-
Surus,surus,surus,N2,s3833,m,NcB
Marco,marco,marcus,N2,m0377,m,NcB
Marco,marco,marcus,N2,m0944,m,NcB
ornamenta,ornamenta,ornamentum,N2,o1012,n,NcB
Siloni,siloni,silo,N3B,s8660,m,NcC
Fausto,fausto,faustus,N2/1,f0287,*,Af-
causa,causa,causa,N1,c0995,f,NcA
causa,causa,causor/-o,V1,c1012,,VmF
honoris,honoris,honor/honos,N3B,h0539,m,NcC
honoris,honoris,honorus,N2/1,h0550,*,Af-
Suri,suri,surio,V4,s3831,,VmL
Suri,suri,surus,N2,s3833,m,NcB
Issa,issa,ipse,PR,i2780,*,P3-
ante,ante,ante,I,a2109,,X--
Decembres,decembres,december,N3A,d0145,*,Af-
Auctus,auctus,augeo,V2,a3471,,VmG
Auctus,auctus,auctus,N4,a3499,m,NcD
Acutus,acutus,acuo,V3,a0464,,VmH
Acutus,acutus,acutus,N4,a9992,m,NcD
locum,locum,locus,N2,l0360,m,NcB
locum,locum,locum,N2,l0379,n,NcB
duxerunt,duxerunt,duco,V3,d2279,,VmH
mulierum,mulierum,mulier,N3B,m1595,f,NcC
pretium,pretium,pretium,N2,p3520,n,NcB
singulos,singulos,singulus,N2/1,s0275,*,Ad-
Lentulo,lentulo,lentulus,N2/1,l0544,*,Af-
Lucio,lucio,lucius,N2,l1100,m,NcB
homines,homines,homo,N3B,h0518,m,NcC
Felices,felices,felix,N3A,f0327,*,Af-
Felices,felices,filix,N3B,f0539,f,NcC
valete,ualete,ualeo,V2,u0050,,VmG
Iuniae,iuniae,iunius,N2/1,i3222,*,Af-
Liberalis,liberalis,liberalis,N3A,l0677,*,Af-
Postumi,postumi,postumus,N2,p2752,m,NcB
Postumi,postumi,postumus,N2/1,p2752,*,Af-
Postumi,postumi,postumum,N2,p2752,n,NcB
Procule,procule,proculus,N2/1,p3689,*,Af-
Venimus,uenimus,ueneo,VA,u0284,,VmN
Venimus,uenimus,uenio,V4,u0300,,VmL
Venimus,uenimus,uenio,V4,u0300,,VmL
scribit,scribit,scribo,V3,s0758,,VmH
cupidi,cupidi,cupidus,N2/1,c4651,*,Af-
Auli,auli,aulos/-us,N2,a3518,m,NcB
admiror,admiror,admiror/-o,V1,a0668,,VmF
Ad,ad,ad,I,a0479,,X--
Ad,ad,at,I,a0547,,X--
paries,paries,paries,N3B,p0403,m,NcC
paries,paries,pario,V1,p0410,,VmF
paries,paries,pario,V5,p0411,,VmM
cecidisse,cecidisse,cado,V3,c0061,,VmH
cecidisse,cecidisse,caedo,V3,c0083,,VmH
ruina,ruina,ruina,N1,r0886,f,NcA
mihi,mihi,ego,PR,e0218,,Pq-
Dic,dic,dico,V3,d1350,,VmH
cinaedus,cinaedus,cinaedus,N2,c1631,m,NcB
cinaedus,cinaedus,cinaedus,N2/1,c1631,*,Af-
scito,scito,scitum,N2,s9950,n,NcB
scito,scito,scio,V4,s0654,,VmL
scito,scito,scio,V4,s0654,,VmL
Ex,ex,ex,I,e1167,,X--
primus,primus,primus,N2/1,p3562,*,Ao-
ordinis,ordinis,ordo,N3B,o0979,m,NcC
Firmus,firmus,firmus,N2/1,f0564,*,Af-
lardi,lardi,laridum,N2,l0303,n,NcB
Vinum,uinum,uinum/-us,N2,u0729,1,NcB
Oleum,oleum,olea,N1,o0617,f,NcA
Oleum,oleum,oleum,N2,o0617,n,NcB
Marcum,marcum,marcus,N2,m0377,m,NcB
Marcum,marcum,marcus,N2,m0944,m,NcB
socius,socius,socius,N2/1,s1844,*,Af-
socius,socius,socius,N2/1,s1844,*,Af-
socius,socius,socius,N2,s1844,m,NcB
Acanthus,acanthus,acanthus/-os,N2,a0225,m,NcB
Mille,mille,mille,N,m0992,,AnP
Mille,mille,mille,N,m0992,,NnP
Mille,mille,millus,N2,m0663,m,NcB
Sumptus,sumptus,sumo,V3,s3452,,VmH
Sumptus,sumptus,sumptus,N4,s9980,m,NcD
dederit,dederit,do,V1,d2066,,VmF
docendi,docendi,doceo,V2,d2067,,VmG
docendi,docendi,doceo,V2,d2067,,VmG
habeat,habeat,habeo,V2,h0004,,VmG
mercedem,mercedem,merces,N3B,m0785,f,NcC
petit,petit,peto,V3,p1809,,VmH
petit,petit,peto,V3,p1809,,VmH
quod,quod,qui,PR,q9410,,P7-
puer,puer,puer/-us,N2,p2247,m,NcB
stationem,stationem,statio,N3B,s2391,f,NcC
salutem,salutem,salus,N3B,s0233,f,NcC
salutem,salutem,saluto,V1,s0245,,VmF
Stratus,stratus,sterno,V3,s2452,,VmH
Stratus,stratus,stratus,N4,s9943,m,NcD
Licinius,licinius,licinus,N2/1,l0724,*,Af-
cave,caue,caueo,V2,c0949,,VmG
cave,caue,cauum/-us,N2,c1028,1,NcB
cave,caue,cauus,N2/1,c1028,*,Af-
Eros,eros,erus,N2,e0843,m,NcB
Quintus,quintus,quintus,N2/1,q0144,*,Ao-
habitamus,habitamus,habito,V1,h0015,,VmF
dii,dii,deus,N2,d1193,m,NcB
dii,dii,dies,N5,d1378,2,NcE
dii,dii,dius,N2/1,d1461,*,Af-
dii,dii,dium,N2,d2047,n,NcB
Rufus,rufus,rufus,N2/1,r0878,*,Af-
Bacchis,bacchis,bacchi'us,N2/1,b0021,*,Af-
Bacchis,bacchis,bacchus,N2,b0023,m,NcB
Bacchis,bacchis,bacca,N1,b0038,f,NcA
Bacchis,bacchis,bacchi"us,N2/1,b9691,*,Af-
Bacchis,bacchis,bacchius,N2,b9691,m,NcB
Bacchis,bacchis,uacca,N1,u0003,f,NcA
Paeoniam,paeoniam,paeonia,N1,p0061,f,NcA
Paeoniam,paeoniam,paeonius,N2/1,p0061,*,Af-
Asellam,asellam,asella,N1,a3045,f,NcA
Sentius,sentius,sentus,N2/1,s1248,*,Af-
Numina,numina,numen,N3B,n0651,n,NcC
tuis,tuis,tuus/-os,PR,t1849,*,Ps-
choreis,choreis,chorea,N1,c1493,f,NcA
choreis,choreis,choreus,N2,c1495,m,NcB
Chreste,chreste,chreston,N2,c1508,m,NcB
ipsime,ipsime,ipsimus,N2,i0019,m,NcB
renibus,renibus,ren,N3B,r0395,m,NcC
male,male,malis,N3B,m0192,f,NcC
male,male,malus,N2/1,m0216,*,Af-
male,male,malus,N2,m0218,m,NcB
male,male,malus,N2,m0219,f,NcB
Quacumque,quacumque,quicumque,PR,q9207,,P2-
Quacumque,quacumque,qui,PR,q9410,,P7-
Quacumque,quacumque,cupressus,N2,c2478,f,NcB
multo,multo,multus,N2/1,m1695,*,Af-
multo,multo,multo,V1,m1693,,VmF
multo,multo,multus,N2/1,m1695,*,Af-
multo,multo,multum,N2,m1696,n,NcB
ire,ire,hir/ir,N3B,h0434,1,NcC
ire,ire,iris,N3B,i2795,f,NcC
ire,ire,eo,VA,e0655,,VaN
magis,magis,magis,N3B,m0096,m,NcC
magis,magis,magis,I,m0095,,X--
magis,magis,magus,N2,m0134,m,NcB
magis,magis,magus,N2/1,m0134,*,Af-
magis,magis,maga,N1,m0134,f,NcA
Statius,statius,sisto,V3,s1791,,VmH
Statius,statius,sto,V1,s1430,,VmF
Modestus,modestus,modestus,N2/1,m1169,*,Af-
quid,quid,quis,PR,q0198,,P4-
oculi,oculi,oculus,N2,o0502,m,NcB
postquam,postquam,postquam,I,p7735,,X--
deduxistis,deduxistis,deduco,V3,d0323,,VmH
ignem,ignem,ignis,N3B,i0144,m,NcC
vestris,uestris,uester,PR,u0496,*,Ps-
vim,uim,uis,N3B,u0804,,NcC
largificatis,largificatis,largifico,V1,l0289,,VmF
largificatis,largificatis,largifico,V1,l0289,,VmF
porro,porro,porro,I,p2643,,X--
porro,porro,porrum/-us,N2,p2644,1,NcB
lacrumae,lacrumae,lacrima,N1,l0069,f,NcA
possunt,possunt,possum,VA,p2697,,VmN
flammam,flammam,flamma,N1,f0623,f,NcA
restinguere,restinguere,restinguo,V3,r1362,,VmH
haec,haec,hic,PR,h0360,,Py-
tabificantque,tabificantque,tabifico,V1,t0017,,VmF
incendunt,incendunt,incendo,V3,i0858,,VmH
animum,animum,anima,N1,a2028,f,NcA
animum,animum,animus,N2,a2046,m,NcB
Cuius,cuius,quis,PR,q0198,,P4-
Cuius,cuius,qui,PR,q9410,,P7-
Cuius,cuius,cuius,PR,c4530,*,P5-
Bonum,bonum,bonus,N2/1,b0537,*,Af-
Bonum,bonum,bonum,N2,b0144,n,NcB
Virum,uirum,uir,N2,u0750,m,NcB
oro,oro,aurum,N2,a3585,n,NcB
oro,oro,orum,N2,o0923,n,NcB
oro,oro,oro,V1,o1027,,VmF
faciatis,faciatis,facio,V5,f0048,,VmM
amor,amor,amor,N3B,a1716,m,NcC
amor,amor,amo,V1,a1705,,VmF
novisti,nouisti,nosco,V3,n0534,,VmH
valeat,ualeat,ualeo,V2,u0050,,VmG
hominem,hominem,homo,N3B,h0518,m,NcC
commiseresce,commiseresce,commiseresco,V3,c2097,,VmH
scis,scis,scio,V4,s0654,,VmL
scis,scis,scius,N2/1,s0684,*,Af-
veniam,ueniam,uenia,N1,u0296,f,NcA
veniam,ueniam,uenio,V4,u0300,,VmL
flos,flos,flos,N3B,f0703,m,NcC
Veneris,ueneris,uenus,N3B,u0331,f,NcC
Veneris,ueneris,uenio,V4,u0300,,VmL
Veneris,ueneris,uenor,V1,u0302,,VmF
vidisti,uidisti,uideo,V2,u0626,,VmG
equo,equo,equus/-os,N2,e0555,m,NcB
Cum,cum,cum,I,c4579,,X--
Cum,cum,cum,I,c4584,,X--
Conticuere,conticuere,conticeo,V2,c3740,,VmG
Conticuere,conticuere,conticesco,V3,c3740,,VmH
Conticuere,conticuere,conticisco,V3,c3740,,VmH
Fronto,fronto,fronto,N3B,f8034,m,NcC
lingit,lingit,lingo,V3,l0821,,VmH
Plani,plani,planus,N2/1,p2273,*,Af-
Plani,plani,planum,N2,p2273,n,NcB
Plani,plani,planus,N2,p9867,m,NcB
miles,miles,miles,N3B,m0974,m,NcC
legionis,legionis,legio,N3B,l0486,f,NcC
fuit,fuit,sum,VA,s3436,,VaN
mulieres,mulieres,mulier,N3B,m1595,f,NcC
mulieres,mulieres,muliero,V1,m1600,,VmF
neque,neque,neque,I,n9758,,X--
neque,neque,ne,I,n0130,,X--
neque,neque,ne,I,n0131,,X--
neque,neque,neo,V2,n0211,,VmG
nisi,nisi,nisi,I,n0318,,X--
nisi,nisi,nitor,V3,n0322,,VmH
paucae,paucae,paucus,N2/1,p0605,*,Af-
Vade,uade,uado,V3,u0021,,VmH
Vade,uade,uadum/-us,N2,u0023,1,NcB
Vade,uade,uadus,N2/1,u0023,*,Af-
Vade,uade,uas,N3B,u0127,m,NcC
vocas,uocas,uaco,V1,u0013,,VmF
vocas,uocas,uoco,V1,u1152,,VmF
Zephyros,zephyros,zephyrus/-os,N2,z0018,m,NcB
Zephyros,zephyros,zephyrus/-os,N2,z0018,m,NcB
Pondo,pondo,pondo,I,p2558,,X--
Dorcas,dorcas,dorcas,N3B,d2181,2,NcC
Dorcas,dorcas,dorcas,N3B,d2181,2,NcC
sibi,sibi,se,PR,s0844,,Px-
sibi,sibi,sibi,N,s1545,,NcP
sibi,sibi,sibus,N2/1,s1554,*,Af-
nil,nil,nihil/nihilum,PR,n0764,n,Pu-
aiunt,aiunt,aio,VA,a1250,,VmN
habere,habere,habeo,V2,h0004,,VmG
totumque,totumque,to"tus,PR,t0891,*,Pu-
totumque,totumque,to'tus,N2/1,t9931,*,Au-
locare,locare,loco,V1,l0965,,VmF
condere,condere,condo,V3,c3174,,VmH
adeo,adeo,adeo,I,a0552,,X--
adeo,adeo,adeo,VA,a0553,,VmN
uti,uti,ut,I,u1318,,X--
uti,uti,utor/-o,V3,u1333,,VmH
Amantes,amantes,amo,V1,a1705,,VmF
moritur,moritur,morior/-io,V5,m1411,,VmM
condiscens,condiscens,condisco,V3,c3165,,VmH
dolet,dolet,doleo/-eor,V2,d2113,,VmG
dolet,dolet,dolo,V1,d2124,,VmF
cui,cui,quis,PR,q0198,,P4-
cui,cui,qui,PR,q9410,,P7-
Dos,dos,dos,N3B,d2197,f,NcC
Amicus,amicus,amicus,N2,a1687,m,NcB
Amicus,amicus,amicus,N2/1,a0783,*,Af-
Genialis,genialis,genialis,N3A,g0183,*,Af-
debes,debes,debeo,V2,d0101,,VmG
mansit,mansit,maneo,V2,m0273,,VmG
Admiror,admiror,admiror/-o,V1,a0668,,VmF
ruinis,ruinis,ruina,N1,r0886,f,NcA
taedia,taedia,taedio,V1,t0045,,VmF
taedia,taedia,taedium,N2,t0047,n,NcB
scriptorum,scriptorum,scriptor,N3B,s0768,m,NcC
scriptorum,scriptorum,scribo,V3,s0758,,VmH
scriptorum,scriptorum,scriptum,N2,s9951,n,NcB
Macer,macer,macer,N2/1,m0010,*,Af-
Circe,circe,circus,N2,c1940,m,NcB
carminibus,carminibus,carmen,N3B,c0656,n,NcC
carminibus,carminibus,carmen,N3B,c4060,n,NcC
mutavit,mutauit,muto,V1,m1864,,VmF
socios,socios,socius,N2/1,s1844,*,Af-
socios,socios,socius,N2,s1844,m,NcB
maledixi,maledixi,maledico,V3,m9606,,VmH
paganis,paganis,paganus,N2,p0067,m,NcB
paganis,paganis,paganus,N2/1,p0067,*,Af-
Februarias,februarias,februarius,N2/1,f0772,*,Af-
Omnes,omnes,omnis,N3A,o0723,*,Au-
Moram,moram,mora,N1,m1374,f,NcA
Moram,moram,mora,N1,m0946,f,NcA
Moram,moram,morus,N2/1,m1591,*,Af-
sparge,sparge,spargo,V3,s2064,,VmH
quaeres,quaeres,quaero,V3,q0096,,VmH
milium,milium,milium,N2,m0993,n,NcB
milium,milium,milia,N3B,m0994,n,NcC
nana,nana,nana,N1,n0010,f,NcA
Natali,natali,natalis,N3A,n0059,*,Af-
Natali,natali,natale,N3B,n0059,n,NcC
Natalis,natalis,natalis,N3A,n0059,*,Af-
Natalis,natalis,natale,N3B,n0059,n,NcC
locus,locus,locus,N2,l0360,m,NcB
Numeri,numeri,numerius,N2/1,n0657,*,Af-
Numeri,numeri,numerus,N2,n0662,m,NcB
bono,bono,bonus,N2/1,b0537,*,Af-
bono,bono,bonum,N2,b0144,n,NcB
contra,contra,contra,I,c3780,,X--
Numerium,numerium,numerius,N2/1,n0657,*,Af-
Hortensi,hortensi,hortensis,N3A,h0248,*,Af-
Hortensi,hortensi,hortensius,N2/1,h0247,*,Af-
Quinti,quinti,quintus,N2/1,q0144,*,Ao-
Feliculae,feliculae,filicula,N1,f0535,f,NcA
caupo,caupo,caupo,N3B,c0982,m,NcC
pedico,pedico,paedico,N3B,p0042,m,NcC
pedico,pedico,paedico,V1,p0041,,VmF
pedico,pedico,pedicus,N2/1,p9708,*,Af-
Accipe,accipe,accipio,V5,a0275,,VmM
vecors,uecors,uecors,N3A,u0180,*,Af-
Mnester,mnester,mnester,N3B,m1155,m,NcC
Decimius,decimius,decimus,N2/1,d0935,*,Ao-
Sextus,sextus,sextus,N2/1,s1541,*,Ao-
cohortis,cohortis,cohors,N3B,c2335,f,NcC
centuria,centuria,centurio,V1,c1169,,VmF
centuria,centuria,centuria,N1,c8165,f,NcA
praetorianae,praetorianae,praetorianus,N2/1,p3404,*,Af-
praetorianae,praetorianae,praetorianus,N2/1,p4683,*,Af-
velim,uelim,uolo,VA,u1167,,VmN
Gemma,gemma,gemma,N1,g0147,f,NcA
Gemma,gemma,gemmo,V1,g0153,,VmF
pedicare,pedicare,paedico,V1,p0041,,VmF
Vasa,uasa,uasum/-us,N2,u0126,1,NcB
Vasa,uasa,uas,N3B,u0132,n,NcC
camella,camella,camela,N1,c3092,f,NcA
camella,camella,camella,N1,c0316,f,NcA
Pelias,pelias,pelios,N2/1,p0748,*,Af-
Spes,spes,spes,N5,s2149,f,NcE
gemma,gemma,gemma,N1,g0147,f,NcA
gemma,gemma,gemmo,V1,g0153,,VmF
Balbus,balbus,balbus,N2/1,b0056,*,Af-
pugnabit,pugnabit,pugno,V1,p4432,,VmF
venatio,uenatio,uenatio,N3B,u0261,f,NcC
Kalendis,kalendis,kalendae,N1,k0002,f,NcA
ursos,ursos,ursus,N2,u1269,m,NcB
centum,centum,centum,N,c1159,,AnP
Facilis,facilis,facilis,N3A,f0044,*,Af-
Pithia,pithia,pithias,N1,p2190,m,NcA
Manius,manius,manus,N2/1,m0363,*,Af-
Linge,linge,lingo,V3,l0821,,VmH
Capella,capella,capella,N1,c0480,f,NcA
Capella,capella,capello,V1,c0481,,VmF
Mulam,mulam,mula,N1,m1479,f,NcA
Curiosus,curiosus,curiosus,N2/1,c4702,*,Af-
bonus,bonus,bonus,N2/1,b0537,*,Af-
Attine,attine,attineo,V2,a3361,,VmG
Homini,homini,homo,N3B,h0518,m,NcC
mortuus,mortuus,morior/-io,V5,m1411,,VmM
postridie,postridie,postridie,I,p2737,,X--
Aulum,aulum,aulos/-us,N2,a3518,m,NcB
dignum,dignum,dignus,N2/1,d1444,*,Af-
aedilem,aedilem,aedilis/-es,N3B,a0855,m,NcC
opera,opera,opera,N1,o0783,f,NcA
opera,opera,operor/-o,V1,o0793,,VmF
opera,opera,opus,N3B,o0918,n,NcC
rotas,rotas,rota,N1,r0816,f,NcA
rotas,rotas,roto,V1,r1476,,VmF
tenet,tenet,teneo,V2,t0289,,VmG
sator,sator,sator,N3B,s0439,m,NcC
sator,sator,sato,V1,s0438,,VmF
bellissimum,bellissimum,bellus,N2/1,b0245,*,Af-
Omnibus,omnibus,omnis,N3A,o0723,*,Au-
kalendas,kalendas,kalendae,N1,k0002,f,NcA
Quisquis,quisquis,quisquis,PR,q9211,,P2-
ipsa,ipsa,ipse,PR,i2780,*,P3-
scripula,scripula,scripula,N1,s0774,f,NcA
scripula,scripula,scripulum/-us,N2,s0777,1,NcB
divitias,diuitias,diuitiae,N1,d1996,f,NcA
vas,uas,uas,N3B,u0132,n,NcC
vas,uas,uas,N3B,u0127,m,NcC
fortis,fortis,fors,N3B,f0881,f,NcC
fortis,fortis,fortis,N3A,f0889,*,Af-
hinc,hinc,hinc,I,h0360,,X--
pedibus,pedibus,pes,N3B,p1765,m,NcC
pedibus,pedibus,pedis,N3B,p9709,2,NcC
detractis,detractis,detraho,V3,d1111,,VmH
Iulis,iulis,iulis,N3B,i3029,f,NcC
Iulis,iulis,iulus/-os,N2,i3030,m,NcB
Iulis,iulis,iulius,N2/1,i3221,*,Af-
positas,positas,pono,V3,p2562,,VmH
inaures,inaures,inauris,N3A,i0803,*,Af-
inaures,inaures,inauro,V1,i0805,,VmF
denarium,denarium,denarium/-on,N2,d1459,n,NcB
denarium,denarium,denarius,N2/1,d0194,*,Af-
denarium,denarium,denarius,N2,d0676,m,NcB
usuram,usuram,utor/-o,V3,u1333,,VmH
usuram,usuram,usura,N1,u1334,f,NcA
Secundus,secundus,secundus,N2/1,s9990,*,Ao-
Secundus,secundus,secor,V3,s1348,,VmH
Secundus,secundus,sequor/-o,V3,s1348,,VmH
futuit,futuit,futuo,V3,f1265,,VmH
futuit,futuit,futuo,V3,f1265,,VmH
quem,quem,quis,PR,q0198,,P4-
quem,quem,qui,PR,q9410,,P7-
Sollemnis,sollemnis,sollemnis,N3A,s0564,*,Af-
Sollemnis,sollemnis,sollemne,N3B,s0662,n,NcC
siquis,siquis,siquis,PR,s9993,,P4-
variae,uariae,uaria,N1,u0120,f,NcA
variae,uariae,uarius,N2/1,u0120,*,Af-
Mari,mari,mare,N3B,m0378,n,NcC
Mari,mari,maron/-um,N2,m0407,n,NcB
Mari,mari,mas,N3B,m0417,m,NcC
Mari,mari,mas,N3A,m1952,*,Af-
suo,suo,suo,V3,s3459,,VmH
suo,suo,suus/-os,PR,s3894,*,Ps-
Habito,habito,habeo,V2,h0004,,VmG
Habito,habito,habito,V1,h0015,,VmF
multas,multas,multa,N1,m1613,f,NcA
multas,multas,multo,V1,m1693,,VmF
multas,multas,multus,N2/1,m1695,*,Af-
puellas,puellas,puella,N1,p2919,f,NcA
Victorie,uictorie,uictoria,N1,u0615,f,NcA
nonaginta,nonaginta,nonaginta,N,n0516,,AnP
lingis,lingis,lingo,V3,l0821,,VmH
mentulam,mentulam,mentula,N1,m0764,f,NcA
servus,seruus,seruus/-os,N2,s1432,m,NcB
servus,seruus,seruus,N2/1,s1432,*,Af-
Severi,seueri,seuerus,N2/1,s1507,*,Af-
utres,utres,uter/utris,N3B,u1322,m,NcC
Avete,auete,aueo,V2,a3448,,VmG
Avete,auete,aueo,V2,a3465,,VmG
estis,estis,sum,VA,s3436,,VaN
estis,estis,e'do,VA,e0094,,VmN
estis,estis,e'do,VA,e0094,,VmN
Quando,quando,quando,I,q0127,,X--
voluimus,uoluimus,uolo,VA,u1167,,VmN
voluimus,uoluimus,uoluo,V3,u1188,,VmH
voluimus,uoluimus,uoluo,V3,u1188,,VmH
venistis,uenistis,ueneo,VA,u0284,,VmN
venistis,uenistis,uenio,V4,u0300,,VmL
provocator,prouocator,prouocator,N3B,p4229,m,NcC
provocator,prouocator,prouoco,V1,p4232,,VmF
Mansuetus,mansuetus,mansuesco,V3,m0317,,VmH
palmam,palmam,palma,N1,p0229,f,NcA
quadrans,quadrans,quadro,V1,q0078,,VmF
Severus,seuerus,seuerus,N2/1,s1507,*,Af-
Ursi,ursi,urgeo,V2,u1252,,VmG
Ursi,ursi,urgueo,V2,u1252,,VmG
Ursi,ursi,ursus,N2,u1269,m,NcB
Acti,acti,ago,V3,a1208,,VmH
Acti,acti,actum,N2,a9991,n,NcB
iuvenalium,iuuenalium,iuuenalis,N3A,i3093,*,Af-
iuvenalium,iuuenalium,iuuenalia,N3B,i3093,n,NcC
aedilis,aedilis,aedilis/-es,N3B,a0855,m,NcC
Sodales,sodales,sodalis,N3A,s1863,*,Af-
quidam,quidam,quidam,PR,q9202,,Pu-
pauper,pauper,pauper,N3A,p0630,*,Af-
Anicetus,anicetus,anicetus,N2/1,a2020,*,Af-
Isthmus,isthmus,isthmos/-us,N2,i3214,m,NcB
scripsit,scripsit,scribo,V3,s0758,,VmH
condita,condita,condio,V4,c3162,,VmL
condita,condita,condo,V3,c3174,,VmH
condita,condita,condi'tum,N2,c9891,n,NcB
condita,condita,condi"tum,N2,c9892,n,NcB
Oliva,oliua,oliua,N1,o0148,f,NcA
Oliva,oliua,oliuum,N2,o0184,n,NcB
Oliva,oliua,oliuo,V1,o0670,,VmF
Fur,fur,fur,N3B,f1192,2,NcC
nocens,nocens,noceo,V2,n0448,,VmG
quos,quos,quis,PR,q0198,,P4-
quos,quos,qui,PR,q9410,,P7-
meae,meae,meus,PR,m0919,*,Ps-
Siculis,siculis,sicula,N1,s1585,f,NcA
suis,suis,sus/suis,N3B,s3834,2,NcC
suis,suis,suo,V3,s3459,,VmH
suis,suis,sus/suis,N3B,s3834,2,NcC
suis,suis,suus/-os,PR,s3894,*,Ps-
Evodius,euodius,euodes,N3A,e1118,*,Af-
fututa,fututa,futuo,V3,f1265,,VmH
Lite,lite,lino,V3,l0841,,VmH
Lite,lite,lis,N3B,l0895,f,NcC
dupundi,dupundi,dupondius,N2,d1455,m,NcB
Magno,magno,magnus,N2/1,m0132,*,Af-
invicta,inuicta,inuictus,N2/1,i2682,*,Af-
Victoria,uictoria,uictoria,N1,u0615,f,NcA
venientis,uenientis,uenio,V4,u0300,,VmL
Salutem,salutem,salus,N3B,s0233,f,NcC
Salutem,salutem,saluto,V1,s0245,,VmF
Syrus,syrus,syrus,N2,s4014,m,NcB
unguentarius,unguentarius,unguentarius,N2/1,u1403,*,Af-
unguentarius,unguentarius,unguentarius,N2/1,u1403,*,Af-
unguentarius,unguentarius,unguentarius,N2,u1405,m,NcB
optime,optime,optimus,N2/1,o0905,*,Af-
Sutores,sutores,sutor,N3B,s3889,m,NcC
Augusto,augusto,augusto,V1,a3491,,VmF
Augusto,augusto,augustus,N2/1,a3492,*,Af-
Proculo,proculo,proculus,N2/1,p3689,*,Af-
Proculo,proculo,proculo,V1,p3691,,VmF
deinde,deinde,deinde,I,d0490,,X--
redii,redii,redeo,VA,r1080,,VmN
redii,redii,redeo,VA,r1080,,VmN
etsi,etsi,etsi,I,e8111,,X--
Lucanica,lucanica,lucanicus,N2/1,l1070,*,Af-
Lucanica,lucanica,lucanica,N1,l1070,f,NcA
Lucanica,lucanica,lucanica,N2,l1070,n,NcB
Quaestor,quaestor,quaestor,N3B,q0105,m,NcC
pedicat,pedicat,paedico,V1,p0041,,VmF
Nonius,nonius,nonus,N2/1,n0145,*,Ao-
patri,patri,pater,N3B,p0550,m,NcC
patri,patri,patrius,N2/1,p0588,*,Af-
patri,patri,patrium,N2,p0588,n,NcB
tuo,tuo,tuus/-os,PR,t1849,*,Ps-
confregisti,confregisti,confringo,V3,c3318,,VmH
cacanti,cacanti,caco,V1,c0036,,VmF
peram,peram,pera,N1,p0866,f,NcA
statum,statum,sisto,V3,s1791,,VmH
statum,statum,sisto,V3,s1791,,VmH
statum,statum,status,N4,s9962,m,NcD
statum,statum,sto,V1,s1430,,VmF
statum,statum,sto,V1,s1430,,VmF
considerate,considerate,considero,V1,c3532,,VmF
considerate,considerate,considero,V1,c3532,,VmF
Ibi,ibi,ibi,I,i0049,,X--
Ibi,ibi,ibis,N3B,i0052,f,NcC
tabulas,tabulas,tabula,N1,t0025,f,NcA
tabulas,tabulas,tabulo,V1,t0033,,VmF
muscario,muscario,muscarius,N2/1,m1808,*,Af-
muscario,muscario,muscarium,N2,m1808,n,NcB
cubiculum,cubiculum,cubiculum/-us,N2,c4485,1,NcB
Ampliatus,ampliatus,amplio,V1,a1774,,VmF
corde,corde,cordus,N2/1,c4025,*,Af-
corde,corde,cor,N3B,c3993,n,NcC
Chrestum,chrestum,chreston,N2,c1508,m,NcB
utrisque,utrisque,uterque,PR,u9203,,Pu-
utrisque,utrisque,uter/utris,N3B,u1322,m,NcC
utrisque,utrisque,uter/utris,N3B,u1322,m,NcC
propitia,propitia,propitio,V1,p4000,,VmF
propitia,propitia,propitius,N2/1,p4001,*,Af-
concordes,concordes,concordo,V1,c3066,,VmF
concordes,concordes,concors/concordis,N3A,c3071,*,Af-
vivant,uiuant,uiuo,V3,u0913,,VmH
iuvenis,iuuenis,iuuenis,N3A,i3102,*,Af-
Claudi,claudi,claudo/-or,V3,c2058,,VmH
Claudi,claudi,claudus,N2/1,c2063,*,Af-
Claudi,claudi,claudo,V3,c7058,,VmH
formosus,formosus,formosus,N2/1,f0861,*,Af-
Restitutus,restitutus,restituo,V3,r1365,,VmH
panem,panem,panis/-e,N3B,p0232,1,NcC
oleum,oleum,olea,N1,o0617,f,NcA
oleum,oleum,oleum,N2,o0617,n,NcB
vinum,uinum,uinum/-us,N2,u0729,1,NcB
caseum,caseum,caseus/-um,N2,c0740,1,NcB
accepi,accepi,accipio,V5,a0275,,VmM
porcinam,porcinam,porcinus,N2/1,p2621,*,Af-
porcinam,porcinam,porcina,N1,p2621,f,NcA
carnem,carnem,caro/carnis,N3B,c0681,f,NcC
Clodius,clodius,claudus,N2/1,c2063,*,Af-
valeas,ualeas,ualeo,V2,u0050,,VmG
Proculus,proculus,proculus,N2/1,p3689,*,Af-
omnibus,omnibus,omnis,N3A,o0723,*,Au-
felicia,felicia,felix,N3A,f0327,*,Af-
uncum,uncum,uncus,N2,u1026,m,NcB
uncum,uncum,uncus,N2/1,u1026,*,Af-
vidimus,uidimus,uideo,V2,u0626,,VmG
Feliculam,feliculam,filicula,N1,f0535,f,NcA
Caesia,caesia,caesius,N2/1,c0137,*,Af-
parvum,paruum,paruus,N2/1,p0490,*,Af-
bibe,bibe,bibo,V3,b0311,,VmH
bibe,bibe,uiuo,V3,u0913,,VmH
Ilia,ilia,ile,N3B,i0166,n,NcC
Ilia,ilia,ile,N3B,i0166,n,NcC
salve,salue,salueo,V2,s0225,,VmG
salve,salue,saluus,N2/1,s0246,*,Af-
salve,salue,sal,N3B,s0136,m,NcC
signa,signa,signo,V1,s1627,,VmF
signa,signa,signum,N2,s1628,n,NcB
duo,duo,duo,N2/1,d2327,*,An-
gladiatoria,gladiatoria,gladiatorius,N2/1,g0324,*,Af-
gladiatoria,gladiatoria,gladiatorium,N2,g0324,n,NcB
Familia,familia,familia,N1,f0163,f,NcA
Myrtis,myrtis,myrtis,N3B,m1923,f,NcC
Myrtis,myrtis,myrtus,N2,m1800,f,NcB
Myrtis,myrtis,myrta,N1,m1950,f,NcA
Myrtis,myrtis,myrtum,N2,m1951,n,NcB
fellas,fellas,fello,V1,f0339,,VmF
Acutius,acutius,acuo,V3,a0464,,VmH
omnes,omnes,omnis,N3A,o0723,*,Au-
iamque,iamque,iam,I,i0023,,X--
vicini,uicini,uiceni,N2/1,u0584,*,Ad-
vicini,uicini,uicinus,N2,u0464,m,NcB
vicini,uicini,uicinus,N2/1,u0603,*,Af-
vicini,uicini,uicinum,N2,u0589,n,NcB
participantur,participantur,participo/-or,V1,p0459,,VmF
incendia,incendia,incendium,N2,i0857,n,NcB
faciam,faciam,facia,N1,f0043,f,NcA
faciam,faciam,facio,V5,f0048,,VmM
tradere,tradere,trado,V3,t0926,,VmH
aut,aut,aut,I,a3606,,X--
opus,opus,opus,N3B,o0918,n,NcC
amare,amare,amarus,N2/1,a1589,*,Af-
amare,amare,amo,V1,a1705,,VmF
solus,solus,solus,N2/1,s1947,*,Af-
nescire,nescire,nescio,V4,n0249,,VmL
Phyllis,phyllis,phyllon,N2,p1996,n,NcB
Mystes,mystes,mystes,N1,m1934,m,NcA
aequoribus,aequoribus,aequor,N3B,a0962,n,NcC
ibat,ibat,eo,VA,e0655,,VmN
armis,armis,arma,N2,a2855,n,NcB
armis,armis,armon,N2,a2889,n,NcB
armis,armis,armus,N2,a2891,m,NcB
merces,merces,merces,N3B,m0785,f,NcC
merces,merces,merces,N3B,m0785,f,NcC
merces,merces,mercor/-o,V1,m0787,,VmF
merces,merces,merx,N3B,m0833,f,NcC
virtutis,uirtutis,uirtus,N3B,u0800,f,NcC
victoriae,uictoriae,uictoria,N1,u0615,f,NcA
gloriae,gloriae,gloria,N1,g0400,f,NcA
gloriae,gloriae,glorius,N2/1,g0410,*,Af-
spem,spem,spes,N5,s2149,f,NcE
caelator,caelator,caelator,N3B,c0086,m,NcC
caelator,caelator,caelo,V1,c0104,,VmF
Priscus,priscus,priscus,N2/1,p3576,*,Af-
gemmario,gemmario,gemmarius,N2/1,g0148,*,Af-
gemmario,gemmario,gemmarius,N2,g0148,m,NcB
Campano,campano,campanus,N2/1,c9916,*,Af-
Eat,eat,eo,VA,e0655,,VmN
Lucium,lucium,lucius,N2,l1100,m,NcB
Clavos,clauos,clauus,N2,c2081,m,NcB
Messio,messio,messio,N3B,m0856,f,NcC
arma,arma,arma,N2,a2855,n,NcB
arma,arma,armo,V1,a2888,,VmF
arma,arma,armon,N2,a2889,n,NcB
fellatrix,fellatrix,fellatrix,N3B,f0329,f,NcC
Placidus,placidus,placidus,N2/1,p2223,*,Af-
Nasso,nasso,nasus/-um,N2,n0053,1,NcB
Ratio,ratio,ratio,N3B,r0095,f,NcC
pridie,pridie,pridie,I,p3528,,X--
Sexvir,sexuir,seuir,N2,s1508,m,NcB
Octavus,octauus,octauus,N2/1,o0458,*,Ao-
missus,missus,mitto,V3,m1143,,VmH
missus,missus,missus,N2,m9994,m,NcB
missus,missus,missus,N4,m9994,m,NcD
libertus,libertus,libertus,N2,l0251,m,NcB
libertus,libertus,libertus,N2/1,l0224,*,Af-
vicit,uicit,uinco,V3,u0688,,VmH
amissos,amissos,amitto,V3,a1723,,VmH
obliviscere,obliuiscere,obliuiscor,V3,o0112,,VmH
Scribit,scribit,scribo,V3,s0758,,VmH
cauliculum,cauliculum,cauliculus,N2,c0974,m,NcB
sinapi,sinapi,sinapi/-e/-is,N3B,s1727,3,NcC
sinapi,sinapi,sinapi/-e/-is,N3B,s1727,3,NcC
sale,sale,sale,N3B,s0136,n,NcC
sale,sale,sal,N3B,s0136,m,NcC
sale,sale,salum/-us,N2,s0231,1,NcB
Taurus,taurus,taurus,N2,t0162,m,NcB
ny,ny,ny,N,n0727,,NcP
Venerem,uenerem,ueneror/-o,V1,u0293,,VmF
Venerem,uenerem,uenus,N3B,u0331,f,NcC
nonas,nonas,nonus,N2/1,n0145,*,Ao-
nonas,nonas,nona,N1,n0177,f,NcA
Nauplius,nauplius,nauplius,N2,n0111,m,NcB
trimembres,trimembres,trimembris,N3A,t1296,*,Af-
comperendinaverunt,comperendinauerunt,comperendino,V1,c2824,,VmF
senos,senos,seni,N2/1,s1209,*,Ad-
Hormus,hormus,hormus,N2,h0900,m,NcB
Unus,unus,unus,N2/1,u1136,*,An-
unam,unam,unus,N2/1,u1136,*,An-
futuis,futuis,futuo,V3,f1265,,VmH
tamen,tamen,tamen,I,t0084,,X--
Vernionis,uernionis,uernio,N3B,u0404,m,NcC
Verna,uerna,uerna,N1,u0395,m,NcA
Verna,uerna,uerno/-or,V1,u0406,,VmF
Verna,uerna,uernus,N2/1,u0409,*,Af-
Verna,uerna,uernum,N2,u0409,n,NcB
postridie,postridie,postridie,I,p2737,,X--
Nonas,nonas,nonus,N2/1,n0145,*,Ao-
Nonas,nonas,nona,N1,n0177,f,NcA
Bellicus,bellicus,bellicus,N2/1,b0015,*,Af-
quendam,quendam,quidam,PR,q9202,,Pu-
luculentissime,luculentissime,luculentus,N2/1,l1136,*,Af-
victrix,uictrix,uictrix,N3A,u0620,*,Af-
tuque,tuque,tu,PR,t1483,,Pq-
Quinto,quinto,quintus,N2/1,q0144,*,Ao-
Quinto,quinto,queo,VA,q0178,,VmN
Modesto,modesto,modestus,N2/1,m1169,*,Af-
Duobus,duobus,duo,N2/1,d2327,*,An-
Duobus,duobus,duo,N2/1,d2327,*,An-
textor,textor,textor,N3B,t0515,m,NcC
Successus,successus,succedo,V3,s3260,,VmH
Successus,successus,successus,N4,s3269,m,NcD
nomine,nomine,nomen,N3B,n0492,n,NcC
nomine,nomine,nomos,N2,n0507,m,NcB
nomine,nomine,nomos,N2,n0357,m,NcB
ancillam,ancillam,ancilla,N1,a1916,f,NcA
Iridem,iridem,iris,N3B,i2795,f,NcC
quidem,quidem,quidem,I,q0201,,X--
rogat,rogat,rogo,V1,r1472,,VmF
commiseretur,commiseretur,commisereor,V2,c2686,,VmG
commiseretur,commiseretur,commiseror/-o,V1,c2689,,VmF
rivalis,riualis,riualis,N3A,r0750,*,Af-
Invidiose,inuidiose,inuidiosus,N2/1,i2685,*,Af-
rumperis,rumperis,rumpo,V3,r1496,,VmH
formonsiorem,formonsiorem,formosus,N2/1,f0861,*,Af-
homo,homo,homo,N3B,h0518,m,NcC
pravissimus,prauissimus,prauus,N2/1,p3485,*,Af-
nostros,nostros,noster,PR,n0569,*,Ps-
liceat,liceat,liceo/-eor/-et,V2,l0715,,VmG
visere,uisere,uiso,V3,u0827,,VmH
visere,uisere,uiso,V3,u0827,,VmH
nolo,nolo,nolo,VA,n0489,,VmN
Dea,dea,dea,N1,d0072,f,NcA
vendere,uendere,uendo,V3,u0274,,VmH
cenam,cenam,cena,N1,c1089,f,NcA
fuat,fuat,sum,VA,s3436,,VaN
Successa,successa,succedo,V3,s3260,,VmH
Tertiani,tertiani,tertianus,N2/1,t0405,*,Af-
habitaverunt,habitauerunt,habito,V1,h0015,,VmF
Rufa,rufa,rufus,N2/1,r0878,*,Af-
Rufa,rufa,rufo,V1,r1486,,VmF
quare,quare,qua-re,I,q9399,,X--
dea,dea,dea,N1,d0072,f,NcA
praesens,praesens,praesum,VA,p3345,,VmN
labori,labori,labor/labos,N3B,l0026,m,NcC
succurre,succurre,succurro,V3,s3302,,VmH
bellissimus,bellissimus,bellus,N2/1,b0245,*,Af-
Mystice,mystice,mysticus,N2/1,m1935,*,Af-
rationem,rationem,ratio,N3B,r0095,f,NcC
ponis,ponis,pono,V3,p2562,,VmH
pedicavero,pedicauero,pedico,V1,p0041,,VmF
pedicavero,pedicauero,paedico,V1,p0041,,VmF
Amat,amat,amo,V1,a1705,,VmF
Pedicatur,pedicatur,paedico,V1,p0041,,VmF
legit,legit,lego,V3,l0496,,VmH
legit,legit,lego,V3,l0496,,VmH
opscultat,opscultat,ausculto,V1,a3588,,VmF
pathicus,pathicus,pathicus,N2/1,p0557,*,Af-
prurit,prurit,prurio,V4,p4259,,VmL
praeterit,praeterit,praetereo,VA,p3372,,VmN
praeterit,praeterit,praetero,V3,p3388,,VmH
comedant,comedant,comedo,VA,c2569,,VmN
Statio,statio,statio,N3B,s2391,f,NcC
plurimam,plurimam,plurimus,N2/1,p2395,*,Au-
Pompeis,pompeis,pompeum,N2,p2540,n,NcB
Viator,uiator,uiator,N3B,u0566,m,NcC
gustas,gustas,gusto,V1,g0666,,VmF
bibes,bibes,bibo,V3,b0311,,VmH
bibes,bibes,uiuo,V3,u0913,,VmH
conticuere,conticuere,conticeo,V2,c3740,,VmG
conticuere,conticuere,conticesco,V3,c3740,,VmH
conticuere,conticuere,conticisco,V3,c3740,,VmH
mulieri,mulieri,mulier,N3B,m1595,f,NcC
venivit,ueniuit,ueneo,VA,u0284,,VmN
Valentis,ualentis,ualeo,V2,u0050,,VmG
eques,eques,eques,N3B,e0820,2,NcC
eques,eques,equa,N1,e0530,f,NcA
Saga,saga,sagum/-us,N2,s0133,1,NcB
Saga,saga,saga,N1,s0134,f,NcA
Saga,saga,sagus,N2/1,s0134,*,Af-
murmillo,murmillo,murmillo,N3B,m1772,m,NcC
pervigilans,peruigilans,peruigilo,V1,p1743,,VmF
Noctibus,noctibus,nox,N3B,n0588,f,NcC
totis,totis,to"tus,PR,t0891,*,Pu-
totis,totis,to'tus,N2/1,t9931,*,Au-
amorem,amorem,amor,N3B,a1716,m,NcC
propter,propter,propter,I,p4027,,X--
divam,diuam,diuus,N2/1,d0126,*,Af-
divam,diuam,diua,N1,d0157,f,NcA
detur,detur,do,V1,d2066,,VmF
videre,uidere,uideo,V2,u0626,,VmG
videre,uidere,uideo,V2,u0626,,VmG
posse,posse,possum,VA,p2697,,VmN
conglacio,conglacio,conglacio/-or,V1,c3370,,VmF
meam,meam,meus,PR,m0919,*,Ps-
sideribus,sideribus,sidus,N3B,s1600,n,NcC
sub,sub,sub,I,s2719,,X--
pectus,pectus,pectus,N3B,p0674,n,NcC
rogavit,rogauit,rogo,V1,r1472,,VmF
pedicarem,pedicarem,paedico,V1,p0041,,VmF
Astragalus,astragalus,astragalus/-um,N2,a3245,1,NcB
Nonis,nonis,nonus,N2/1,n0145,*,Ao-
Nonis,nonis,nona,N1,n0177,f,NcA
Nonis,nonis,nonussis,N3B,n0524,m,NcC
usque,usque,usque,I,u1288,,X--
Eidus,eidus,idus,N4,i9914,f,NcD
Consulibus,consulibus,consul,N3B,c3648,m,NcC
turma,turma,turma,N1,t1797,f,NcA
Siqua,siqua,siquis,PR,s9993,,P4-
Mandatus,mandatus,mandatus,N4,m9996,m,NcD
Mandatus,mandatus,mando,V1,m0260,,VmF
munus,munus,munus,N3B,m1751,n,NcC
pereat,pereat,pereo,VA,p1081,,VmN
nescit,nescit,nescio,V4,n0249,,VmL
tanto,tanto,tantus,PR,t0106,*,Pu-
tanto,tanto,tantus,PR,t0106,*,Pu-
filii,filii,filius,N2,f0538,m,NcB
habitarunt,habitarunt,habito,V1,h0015,,VmF
habitarunt,habitarunt,habito,V1,h0015,,VmF
Aquis,aquis,aqua,N1,a2585,f,NcA
quinque,quinque,quinque,N,q0251,,AnP
quinque,quinque,quin,I,q0212,,X--
centum,centum,centum,N,c1159,,AnP
Fures,fures,fur,N3B,f1192,2,NcC
Fures,fures,furo,V3,f1228,,VmH
Fures,fures,furor/-o,V1,f1230,,VmF
Musicus,musicus,musicus,N2,m1824,m,NcB
Musicus,musicus,musicus,N2/1,m1824,*,Af-
optat,optat,opto,V1,o0909,,VmF
bibere,bibere,biber,N3B,b0299,f,NcC
bibere,bibere,bibo,V3,b0311,,VmH
bibere,bibere,bibo,V3,b0311,,VmH
bibere,bibere,uiuo,V3,u0913,,VmH
Germanus,germanus,germanus,N2,g0230,m,NcB
Germanus,germanus,germanus,N2/1,g0230,*,Af-
Miximus,miximus,meio,V3,m0588,,VmH
Miximus,miximus,mingo,V3,m0588,,VmH
Fateor,fateor,fateor,V2,f0251,,VmG
lecto,lecto,lecto,V1,l0463,,VmF
lecto,lecto,lectus,N2,l0471,m,NcB
lecto,lecto,lectum,N2,l0471,n,NcB
lecto,lecto,lego,V3,l0496,,VmH
hospes,hospes,hospes/hospis,N3B,h0620,2,NcC
peccavimus,peccauimus,pecco,V1,p0659,,VmF
dices,dices,dico,V1,d1349,,VmF
dices,dices,dico,V3,d1350,,VmH
Nulla,nulla,nullus,PR,n0776,*,Pu-
matella,matella,matella,N1,m0445,f,NcA
veniat,ueniat,uenio,V4,u0300,,VmL
frangere,frangere,frango,V3,f0933,,VmH
volo,uolo,uolo,N3B,u1169,m,NcC
volo,uolo,uolo,VA,u1167,,VmN
volo,uolo,uolo,V1,u1168,,VmF
fustibus,fustibus,fustis,N3B,f1256,m,NcC
costas,costas,costa,N1,c4194,f,NcA
lumbos,lumbos,lumbus,N2,l1174,m,NcB
deae,deae,dea,N1,d0072,f,NcA
debilitare,debilitare,debilito,V1,d0106,,VmF
potest,potest,possum,VA,p2697,,VmN
pertundere,pertundere,pertundo,V3,p1691,,VmH
tenerum,tenerum,tener,N2/1,t0290,*,Af-
tenerum,tenerum,teneris,N3A,t0290,*,Af-
caput,caput,caput,N3B,c0592,n,NcC
possim,possim,possum,VA,p2697,,VmN
illi,illi,hillum,N2,h0301,n,NcB
illi,illi,ille,PR,i0205,*,Py-
Multa,multa,multa,N1,m1613,f,NcA
Multa,multa,multo,V1,m1693,,VmF
Multa,multa,multus,N2/1,m1695,*,Af-
Multa,multa,multum,N2,m1696,n,NcB
curae,curae,cura,N1,c4670,f,NcA
has,has,hic,PR,h0360,,Py-
artus,artus,artus,N4,a1967,m,NcD
artus,artus,artus,N2/1,a1891,*,Af-
mancinas,mancinas,mancina,N1,m0243,f,NcA
refusa,refusa,refundo,V3,r1145,,VmH
stagna,stagna,stagno,V1,s2362,,VmF
stagna,stagna,stagno,V1,s4031,,VmF
stagna,stagna,stagnum/-us,N2,s2364,1,NcB
stagna,stagna,stagnum,N2,s7364,n,NcB
ipse,ipse,ipse,PR,i2780,,P3-
