EDR#,CIL#,"a, b, c, d or Varone #",Langner #,Insula,Text of Inscription,Caption for graffito,Translation,,AGP = Update of CIL?,Contributors,,Commentary 
Use blue for recommendations for graffiti to protect,,,,only in arabic numerals for sorting,Do not change this field right now. ,,Do we put the translations in quotation marks?  How do we handle letters/words that can't be read?,,,In the field,,
EDR159778,5450,,,locus incertus,,Graffito mentioning animals,"He sent, a second time, female lambs (...other letters here...) ",,,,,
EDR145941,10493,,187,,va(le?) / [- - -]rio [I?]sidoru / IX ((:viri caput)),Greetings (?) to Isidorus ,"Greetings . . . to Isidorus(?). ""9""",,,,,This graffito is a cluster and has both text and art.  
EDR140055,10495,a,,3,IIIIIIIIIIIIIIIIIIIIIIIIIIIIII,Tally marks,"""30""",,,,,All tally marks are connected by a single line below. There are thirty talley marks.These tally marks occur in close proximity to CIL IV.10495b and CIL IV.10495c.
EDR140246,10495,b,,3,I,Tally mark,"""1""",,,,,This single tally mark occurs in close proximity to CIL IV.10495a and CIL IV.10495c.
EDR140136,10495,c,,3,XI,Tally marks,"""11""",,,,,"Because of this graffito's close proximity to CIL IV.10495 a. and CIL IV.10495b, we have tagged it with ""Tally mark"" instead of ""Number"". "
EDR151948,10496,,,3,R·∫πmnius Rufus,Graffito naming Remnius Rufus,Remnius Rufus,,,,,"CIL reads this inscription as ""Remnius"", but it is possible that the two m's of Remnius are in nexus. This reading would make the graffito the name Remius Rufus, which could make sense because he is a well known benefactor of Herculaneum. Marcus Remmius Rufus is both the name of a father and son who were duovirs together at least twice. The name of both the father and the son, Remii Rufi, are named in  a lengthy Herculanean stone inscription CIL X. 1453.They were both given the honors of diligenter for fixing the weights of the grain scale in the city, which is the reason for the long inscription. Remmius Rufus senior is also named in CIL. X 1455. "
EDR140046,10497,,,3,Col/((denarius))/ono,Graffito naming Colonus,A denarius to (for?) Colonus,,,,,The symbol êÜñ represents a denarius.
EDR140258,10498,a,,3,Mus nequam,Graffito,Mus never(?),,,,,"Mus could be a name or the animal mouse, the meaning is unclear here. The name ""Mus"" appears elsewhere in Herculaneum, CIL IV.10678 and CIL IV.10643c. If Mus is a name, it would be an insult becuase the graffito would be translated as ""useless Mus"". 4 graffiti appeared together. One says ""mus nequam."" Three others are false starts on ""mus nequa.""   "
EDR151800,10498,b,,3,S nequam,Graffito,S never(?),,,,,"4 graffiti appeared together. We filled in ""mu"" before the ""s"" to match the ""mus"" of the others. For full commentary, see CIL IV.10498a."
EDR151801,10498,c,,3,Mus,Graffito,Mus (personal name) OR mouse,,,,,"4 graffitI appeared together. It is unclear whether we should supply ""nequam."" For full commentary, see CIL IV.10498a."
EDR151802,10498,d,,3,MMMMus,Graffito,MMMMus (personal name) OR MMMMouse,,,,,"4 graffiti appeared together. It is unclear whether we should supply ""nequam."" This inscription begins with several false starts. 3 ""m""s appear. For full commentary, see CIL IV.10498a."
EDR140254,10499,,,3,Idibus Ianuarius / mystagogus docens / Gebeum et ·∫∏·π≠·ªç·∫πn / ·∏∑·ª•cÃ£·ªã·∫°n+ vicÃ£icÃ£,Graffito mentioning a date and someone teaching,"On the Ides of January, the guide (religious guide?) teaching Gebeus(?) and Etoe(?) (neither name is otherwise known) (...other letters here...)",,,,,"Come back here--- Cicero says mystagogus can be guide who shows you around a site.  ŒºœÖœÉœÑŒ±Œ≥œâŒ≥œåœÇ      A mystagogus is a special kind of priest who inducts initiants into the mystery cult of a particular deity. The fourth line may be written in different hand and therefore not related to the rest of the text. This graffito was found on a upper floor which mean it is no longer accessible. There are two line drawings with differing ideas on what it says, which makes a reading very difficult."
EDR151816,10500,,,3,Lagoena,Mention of a flask (?),Flasks,,,,," Written in charcol (carbone), the Text of CIL IV. 10500 reads lagunas, which Della Corte corrects to ‚Äúlagoenas‚Äù. Lagoenae, or lagunae, were narrow-necked bottles, typically used to serve wine (s.v. Oxford Latin Dictionary, 1982). Alternate spellings include lagona, lagena, and lagoena. The word is adapted from the Greek ŒªŒ±Œ≥œÖŒΩŒøœÇ, o. Cf. CIL VI. 1884 and CIL VI. 8866.



Linguistics:
        Lagoena was originally spelled and pronounced with an ≈´, equivalent to the Greek œÖ, given evidence from Plautus, who assonates the y (upsilon) in Greek names with the ≈´ in Latin (see Plautus, Mil. 324; Bacch. 129; Anderson, Andrew R. ""The Use of the Oe-Diphthong in Plautus."" Classical Philology 4, no. 3 (1909): 291-300. http://www.jstor.org/stable/262394). Laguna, then, is an almost direct adaption from the Greek ŒªŒ±Œ≥œÖŒΩŒøœÇ. Merely the gender and the stress, which in the Greek receeds to the Œ±, have been corrupted-though ŒªŒ±Œ≥œÖŒΩŒøœÇ was considered feminine by Greek speakers in Thessaly (s.v. Greek-English Lexicon, Liddell and Scott, 1968). Despite the general rule that the ≈ì reduces to the long ≈´ in Latin (Bennett, Charles. The Latin Language. Boston: Allyn and Bacon, 1907. 9-10), the spelling variant lagoena did not arise until the imperial period (ibid.). 

Appearance and function:
        While not restricted solely to this use, lagunae were most commonly used to carry wine (see CIL VI. 1884 and CIL VI. 8866). They usually had long, narrow necks and big bodies. As Columella states in 10.383-7 ‚ÄúBut if you are looking for a gourd of globelike shape which swells out vastly with ample paunch, then choose a seed from the middle of the belly; this will produce capacious fruit fit to make a vessel for Narycian pitch or Attic honey from Hymettus, or a pail handy for water, or a flagon (laguna) of wine.‚Äù Furthermore, Columella describes a laguna as having a ‚Äúwide mouth‚Äù. It is unclear whether this applies to all lagunae or a select few (White, K. D. Farm Equipment of the Ancient World. New York: Cambridge University Press, 1975. 161-164).


Further Reading:

Anderson, Andrew R. ""The Use of the Oe-Diphthong in Plautus."" Classical Philology 4, no. 3 (1909): 291-300. http://www.jstor.org/stable/262394 

Petrut, David, and Silvia Mustata. ‚ÄúThe iconography of the waiting servants depicted in funerary reliefs from Roman Dacia.‚Äù Revista Bistri≈£ei XXIV, 2010, 171-202.

White, K. D. Farm Equipment of the Ancient World. New York: Cambridge University Press, 1975. 161-164.
"
EDR151818,10501,,,3,MÃÇansi solus (e)x s(enatus) c(onsulto),Graffito mentioning a senatorial decree,I remained alone by decree of the senate,,,,,This graffito could be a joke becuase Herculaneum is not the typical place for a senatorial exile. Herculaneum is much nicer and closer to Rome thatn other locations that we have evidence for exiling. This graffito is similar to CIL IV.10503 becuase it expresses the same sentiment.
EDR151822,10502,,,3,Vasileus habitat / Pute(o)lis in castris August[i] / su[b] Valeri[o],Graffito mentioning the city of Puteoli,Vasileus lives at Puteoli in the camp of the emperor under (the command of) Valerius,,,,,"There are 18 inscriptions with the family name Valerius that are found in Puteoli, most of them are funerary which would suggest the family was wealthy and powerful because they left a presence in Puetoli"
EDR140036,10503,,,3,Ex se[na]tus con= / sul[to] VVCA / [---]E ICA / mÃÇansi solus,Graffito mentioning a senatorial decree,"By decree of the senate (... other letters here...), I remained alone",,,,,"This graffito is similar to CIL IV.10501, which expresses the same sentiment. This graffito could be a joke becuase Herculaneum is not the typical place for a senatorial exile. Herculaneum is much nicer and closer to Rome thatn other locations that we have evidence for exiling."
EDR140137,10504,,,3,MOECIA CC,Graffito,(untranslateable series of characters),,,,,
EDR140142,10505,,,3,ŒöŒøŒ≥ŒπœÑŒ¨œÑŒøœÖœ≤ s,Graffito in Greek,Cogitatus (i.e. a name),,,,,"Not a name according to LGPN*    Cogitatus is a name in the Roman world, but here it is written in Greek letters. It did not exist as an equivalent name in the Greek world and is not listed in the Lexicon of Greek Personal Names. Perhaps a Greek speaker was here writing down a name he heard."
EDR140255,10506,,,3,Se(xtus) Porcius / s s,Graffito naming Sextus Porcius,Se(xtus) Porcius / s s,,,,,
EDR140148,10507,,,3,Iusta r(---),Graffito,Iusta (i.e. a name)...,,,,,"The text of this graffito, Iusta, could be a woman's name. The second word of the message was never written out in full."
EDR140143,10508,a,,3,AMATÃÇA,Graffito naming Amata,Amata,,,,,
EDR140149,10508,b,,3,Algemus,Complaint (?),We are cold.,,,,,"There are different interpretations of this graffito. In CIL the reading is ""Alcimus"" which would be a male name. However when Varone went through Herculaneum he read this as the verb ""algemus"" from algeo algere. After looking at the inscription on site, we agreed with Varone's reading."
EDR140140,10509,,,3,QÃ£(uintus) VetÃ£iusÃ£,Graffito naming Quintus Vettius,Quintus Vet(t)ius,,,,,
EDR140257,10510,,,3,"XVII k(alendas), X k(alendas), VII id(us)",Graffito mentioning dates,"17 days before the Kalends, 10 days before the Kalends, 7 days before the Ides",,,,,"This is an example of a graffito with dates, many graffiti had this format. For more on the dating system used in the Roman Empire look to the commentary in CIL IV.10579."
EDR140198,10511,,,3,AniÃ£ciae feliciter,Greetings to Anicia,May things go happily for Anicia.,,,,,
EDR140204,10512,,,3,IIII P(ublius) Quin(tilius?),Graffito,"""4"" Publius Quin(tilius?)",,,,,"This graffito could either be in reference to a name or to a date. If it was a name the P would stand for Publius and the Quin for Quintilius. Quin can also be a n abbreviation for the month Quintilis, which was the orginial fifth month of the calendar year until it got renamed ""Iulius"" for Julius Caesar. If the Quin did stand for Quintilis, the graffito would be a date and the P could be a mistaken reading of a ""K"" which would stand for kalends. Then the meaning of this graffito would be four days before the kalends of Quintilis."
EDR140165,10513,,,4,Am(andus) / Surus / Ianua va(le),Greetings (?),"Am(andus?), Surus: farewell Ianua(rius?). ",,,,,"The names here are uncertain; perhaps they are nicknames. Without the ending given, it is possible that the greetings of vale could be addressed to a Ianuarius or a Ianuaria."
EDR140168,10514,,,4,Felices,Graffito,Lucky ones,,,,,
EDR140172,10515,,,4,A(?) Epicurus / si es Utica,Graffito naming Epicurus,"A(ulus?) Epicurus, if you are at Utica . . . ",,,,,"Utica was a Roman municipium in Northern Africa, it is located near Carthage."
EDR140187,10516,,,4,Q(uintus) V(---) R(---),Initials,Quintus V(- - -) R(- - -?),,,,,"Has all three parts of a Roman name: praenomen, nomen gentilicium, and the cognomen."
EDR140189  ,10517,,,4,Sab(inus?),Beginning of a name,Sab(inus?) (or Sabina?),,,,,"Most likely shortened version of the name Sabinus. The ""S"" is no longer fully extant. Varone 2000c mentions a Sabina, may be related."
EDR140192,10518,,,4,Ara,Graffito,Altar,,,,,
EDR140171,10519,,,4,Saturnina[e] / matr(i?) / uncus a(ssibus) III,Graffito mentioning a price,"For Saturnina, a mother, a hook that costs three asses (coins).",,,,,"Women's names were often repeated in a family, so, both sisters in the Domitius family could be named Domitia, or, as here, perhaps the mother and daughter might share the same name, Saturnina."
EDR140147,10520,,,4,[---]AS[---] conclave Puteolis / [---]LE consistunt Herculanenses naviculae,Graffito mentioning the cities of Puteoli and Herculaneum,... the place at Puteoli... the small Herculanean boats dock.,,,,,Puteoli is another ancient city in the Bay of Naples.
EDR151829,10521,,,4,Myrine mari,Graffito naming Myrine,Myrine to the sea (?),,,,,"Myrine is a transliterated name from the Greek ""ŒúœÖœÅœÅŒπŒΩŒµ. In the process of transliteration the name is simplified by having a rho drop out from the Greek. ŒúœÖœÅœÅŒπŒΩŒµ is a popular Greek name and was the name of a character in Aristophanes' play Lysistrata. The name appears elsewhere in Italy - 7 times total, including twice in Pompeii."
EDR151831,10522,,,4,,Graffito,... I asked that you do this... all your affairs... which... safe.,,,,,A couple words can be identified but there is a lot of damage to this graffito.
EDR140173  ,10523,a,,4,SPI / Oceanus,Graffito naming Oceanus,Hope(?) / Oceanus,,,,,SPI perhaps a tria nomina.
EDR140176 ,10523,b,,4,ON,Series of letters,,,,,,
EDR140177,10523,c,,4,assis IIIIHIINII / CCCXXX,Graffito mentioning money,"Coins (...series of characters) / ""330""",,,,,
EDR140170 ,10524,,,4,Ianu(arius?),Beginning of a name (?),Ianu(arius?),,,,,Could be a name or the month. Same name mentioned in CIL IV.10697. The month is also referenced in CIL IV.10499.
EDR140152,10525,,,4,Hyacinthus hic fuit / Verginiam suam,Graffito naming Hyacinthus and Verginia,"Hyacinthus was here, his Verginia...",,,,,"""Verginiam suam"" being in the accusitive makes this translation tricky."
EDR145942 ,10526,,213,4,Proculus ((:herma viri)),Graffito naming Proculus,Proculus,,,,,This graffito is accompanied by the bust of a man possibly meant to represent Proculus.
EDR140174,10527,,,4,vasa,Mention of a vase,Vase,,,,,This graffito was found in the Taberna Vasaria where many wine vases were found.
EDR127408 & EDR140190,10528,,1055,4,((:gladiatores inter se dimicantes)) Euhodus / et Satura / Puteolani,Graffito naming two individuals from Puteoli,"Euhodus and Satura, from Puteoli",,,,,A picture of two gladiators fighting accompanied the textual graffito.
EDR112869,10529,,,4,"ŒîŒπŒøŒ≥·Ω≥ŒΩŒ∑œÇ ·ΩÅ Œ∫œÖŒΩŒπŒ∫·Ω∏œÇ œÜŒπŒª·ΩπœÉŒøœÜŒøœÇ / ·º∞Œ¥·ΩºŒΩ Œ≥œÖŒΩŒ±·øñŒ∫Œ± ·ΩëœÄ·Ω∏ œÄŒøœÑŒ±ŒºŒø·ø¶ œÜŒµ / œÅŒøŒº·Ω≥ŒΩŒ∑ŒΩ, Œµ·º∂œÄŒµŒΩŒá ·ºÑœÜŒµœÇ œÜ·Ω≥œÅŒµœÉŒ∏Œ±Œπ / œÑ·Ω∏ Œ∫Œ±Œ∫‚åú·Ω∏‚åùŒΩ ·ΩëœÄ·Ω∏ Œ∫Œ±`Œ∫Œø·ø¶¬¥ ŒöŒôŒ•Œ£",Graffito about Diogenes the Cynic philosopher,"Diogenes the Cynic philospher, seeing a woman being carried off by the river, said: let the bad thing be carried away by the worse.",,,,,Diogenes was a 4th Century BC Athenian philospher. He was a founder of the philosophy Cynicism. 
EDR151835,10530,,,4,Est res in co(n)sid[- - -],Graffito,The matter is in ...,,,,,
EDR140205  ,10531,,,4,Pri(mi)genio s(alutem),Greetings to Primigenius,Hello to Primigenius.,,,,,"The feminine version of this name, Primigenia, is mentioned in CIL IV.10676."
EDR144354,10532,,11 & 12,4,"Œò / Faustus / Nothus / Nothus ((:nomina FAVSTVS et NOTHVS scripta in forma trium navium, NOTHVS bis)) ((:names FAVSTVS and NOTHVS written in the shape of three boats, NOTHVS twice))",Names written in the shape of boats,Œò Faustus Nothus Nothus,,,,,"Each word in this graffito are written in technopaegnion as ships. The first line has the Greek letter theta, in this case it is the theta nigrum which signifies death. The theta stands for the Greek word Œ∏Œ±ŒΩŒ±œÑŒøœÉ which means death. The theta nigrum was used in military documents to show deceased soldiers, inscriptions for gladiators who died outside of the arena due to wounds from fighting, and some various funerary inscriptions."
EDR140220,10533,,,4,Alica,Mention of food,Porridge ,,,,,"Porridge or drink made with wheat or spelt. Follow up on alicaria, another name for a prostitute (see CIL IV.4001)- s.v. Oxford Latin dictionary"
EDR140224,10534,,,4,[---]gius A(ulo) Tertio s(alutem) / salutem,Greetings to Aulus Tertius,[---]gius says hello to Aulus Tertius. Hello!,,,,,"The first line includes both names and the ""s"" whereas the second line has ""salutem"" written out fully. It could be that the author ran out of room on the first line to fully write out the word."
EDR140230 ,10535,,,4,Anicete va(le),Greetings to Anicetus,"Goodbye, Anicetus",,,,,
EDR158823,10535 (nota),,,4,((:phallus)),Drawing of a phallus,,,,,,
EDR140231,10536,,,4,augu,Graffito,(Something about augury or the emperor?),,,,,
EDR140237,10537,,,4,Vibidi,Graffito naming Vibidius (?),Of Vibidius (?) OR Vibidi(us...?),,,,,"Vibidius is a nomen gentilicium and appears througout the Italian peninsula. It also appears twice in the catalogue of names at Herculaneum CIL X.01403. There is appears as the nomen gentilicium of two freedmen, who would have taken that name from their master. Both of the Vibidius' mentioned are freedmen of Aulus Vibidius which we can tell becasue both names say freedmen of Aulus, and becuase it is customary for a freedmen to take the praenomen of his master. This shows that the Vibidius fmaily in Herculaneum owned slaves and was wealthy. "
EDR140213,10538,,,4,Cereales sint Cumis,Graffito mentioning the city of Cumae,Cerialis and Cerialis might be at Cumae.,,,,,"It may be that Cereales is the plural of the name Cerealis meaning that two people named Cerealis are at Cumae, which is in the locative case in the graffito."
EDR140217,10539,,,4,ovas EVCL E VA M X P vectat,Series of letters,You rejoice (...other letters here...) it carries.,,,,,"""Ovas"" also appears in CIL IV.10603."
EDR140219   ,10540,,,4,[---]lius CINT genius suae sal(utem) / [---]CIN N AGIO GORC R,Greetings,[---]lius sends greetings to his (girlfriend?). (...other letters here...),,,,,
EDR140221 ,10541,,,4,si VOL cum Marcello bona[---],Graffito naming Marcellus,If (...) with Marcellus good (...?),,,,,"""Vol"" could be read as ""voles"" or ""volet"""
EDR140223,10542,,,4,PPP redire redire si minus innecteb et te [---],Poetic graffito (?),"To return, to return, if (I? he? she?) was not entangling (being entangled?) ... and you...",,,,,PPP may be a tria nomina.
EDR140226  ,10543,,,4,Secundus quo Hectic[+10?+]rimam s[alutem?],Greetings from Secundus,"Secundus, from whom Hectic(...?) many greetings.",,,,,"See Varone for SALVTEM (it's possible he's wrong). Come back and look at this, because CIL says that CIL IV.10543 and CIL IV.10544 are mixed together."
EDR140232 ,10544,,,4,suis P ave VIBAN,Greetings (?),Greetings to his own (family? friends?). May they live...,,,,,"Come back and look at this, because CIL says that CIL IV.10543 and CIL IV.10544 are mixed together."
EDR140233  ,10545,,,4,vÃÇale ProcamÃÇu,Greetings to Procamus,"Goodbye, Procamus",,,,,"The two verticle lines of the ""u"" may be two ""II"" for the vocative ""e"". The Graffito may actually mean ""Procame""."
EDR140235 ,10546,a,,4,IIII,Tally marks,"""4""",,,,,"Located in a back room of the ""Grand Taberna"", these tallies were possibly  some sort of inventory."
EDR142437 ,10546,b,,4,XI,Tally marks,"""11""",,,,,"Located in a back room of the ""Grand Taberna"", these tallies were possibly some sort of inventory."
EDR140131,10547,,,4,Crocale / barbata,Graffito naming Crocale,Bearded Crocale,,,,,"Crocale is a female name and the adjective barbata meaning bearded agrees with that, therefore this graffito is an insult."
EDR140669,10548,,,4,Ruf√ªla pus,Graffito naming Rufula,"Rufula, 5 1/2 pounds ",,,,,"Many different possibilities exist for these final three letters. Della Corte first suggested ... pondo v semis... Or perhaps only part of the word was written and the writer meant to inscribe pusilla (very small or petty), pusulata (blistered, refined) or pusillanimis (timid, faint-hearted- but late authors)"
EDR140199   ,10549,,,4,Eueno,Graffito mentioning a name (?),to Euenus(?) ,,,,,"Euenus could be a name, though it is very rare. It is only known thus far from one wax tablet near Pompeii, one inscription at Ostia, and three funerary inscriptions from Rome"
EDR140203,10550,,,4,XXVIIII,Roman numerals,"""29""",,,,,
EDR140208,10551,,,4,Mercurius,Graffito naming Mercurius,Mercurius,,,,,"This is possibly referencing the Roman god Mercury, or someone's personal name."
EDR140210 ,10552,,,4,IIIIIIIIIII,Tally marks,"""11""",,,,,
EDR140234   ,10553,,,4,P(ublius) Septumius,Graffito naming Publius Septumius,Publius Septumius,,,,,
EDR142438   ,10554,a,,4,Q(uintus) La(elius?),Graffito mentioning a name (?),Q(uintus) La(elius?),,,,,"These letters could be three initials, or it could just be the shortened name Quintus Laelius."
EDR142439,10554,b,,4,Ulna O(r)dinius(?),Series of characters,(Incomprehensible series of characters),,,,,"Ulna, meaning forearm, can be a measurement. It would be similar to our modern foot measurement which comes from the body part foot. This graffito is one of a couple that are definitely markings on the wall, but is difficult to identify letters or words. Some of the markings on this graffito seem more like characters and less like letters from the Roman alphabet. CIL IV.10555 has a similar representation"
EDR142440  ,10555,a,,4,[---]FIOPEOEI[---] / [---]FIOPIDMN[---],Series of characters,(Incomprehensible series of characters),,,,,"The text of the graffito seems to be characters, not all of them are letters in the Roman alphabet. This graffito unfortunately no longer exists and we have to use CIL to understand it, however CIL does not have a clear representation. CIL IV.10554b is the same way."
EDR142441 ,10555,b,,4,Ad Ner[on---?],Series of letters,To Nero (?),,,,,"The text of this graffito are letters, however they don't seem to create a word. CIL thinks that it makes the phrase ""ad Nero"" meaning to Nero. However,  looking at the line drawing provided in CIL it is not obvious what the graffito is saying."
EDR142442,10556,a,,4,Cere(ri?) / Apollin(i),Series of letters,(Incomprehensible series of characters),,,,,"The text of this graffito are letters, however they don't seem to create a word. CIL thinks that it makes the names ""Cereri"" and ""Apolloni"". However,  looking at the line drawing provided in CIL it is not obvious what the graffito is saying."
EDR154447,10556,b,,4,"Ceres / Cossutius (?)
",Series of letters,(... other letters here...) Cossutius(?),,,,,"Cossutius is a nomen gentilicium. However, Cossutius may not be related to Ceres. It is written far enough below it to make it's inclusion in the same entry dubious. "
EDR151861,10557,,,4,ALS,Initials,A(ulus) L(---) S(---?),,,,,"Initials of a Roman name, but it is unclear what the letters stand for. The reading of the third letter is unsure."
EDR151863,10558,,,4,C(aius) (H)ostius,Graffito naming Gaius (H)ostius,"Gaius Hostius (here, pronounced Ostius)",,,,,"This graffito could be the name Hostius. The letter H is often dropped off the beginning of words because it is pronounced more softly, therefore an inscriber having only heard the name might not know that an ""H"" starts the name. The name Costius, or Ostius (making the inscription C(aius) Ostius, do not exist, so Hostius would be the closest name."
EDR151864,10559,,,4,Romu(lus),Beginning of a name,Romu(lus?),,,,,
EDR151865,10560,,,4,Reste,Beginning of a name (?),Rest(itutus?),,,,,
EDR151866,10561,,,4,Onesimus,Graffito naming Onesimus,Onesimus,,,,,"Transliterated Greek name ""ŒüŒΩŒ∑œÉŒπŒºŒøœÇ"", meaning ""useful"".  This name appears  six times in Herculaneum (five times as ""Onesimus"" and once as ""(O)ŒΩŒ∑cŒπŒºŒøc""), 17 times in Pompeii (sixteen times as ""Onesimus"" and once as ""Honesimus""), once in Surrentum (""Onesimus""), once in Neapolis (Onesi[mus]), and twelve times in Puteoli (all ""Onesimus""). Many of them are freed slaves, though the name seems popular as a Romen cognomen as well. Cf. 10598."
EDR144348,10561 (nota),,2319,4,((:basis columnae)),Drawing of a column base,,,,,,This column base is located near 5 other similar column bases.
EDR144349,10561 (nota),,2320,4,((:basis columnae)),Drawing of a column base,,,,,,This column base is located near 5 other similar column bases.
EDR145004,10561 (nota),,1108,4,((:cervus a cane assultatus)),Drawing of a stag and a dog,,,,,,"This drawing is one of many drawings of stags. These drawings were all located near each other and gave the house its name ""The House of the Stags""."
EDR145771,10561 (nota),,734,4,((:figura virilis)),Drawing of a man,,,,,,
EDR143900,10561 (nota),,909,4,"((:gladiator, murmillo cum galea et scuto))",Drawing of a gladiator ,,,,,,Drawing of a murmillo with his helmet and shield.
EDR144352,10561 (nota),,2322,4,((:basis columnae)),Drawing of a column base,,,,,,This column base is located near 5 other similar column bases.
EDR145005,10561 (nota),,1109,4,((:cervus)),Drawing of a stag,,,,,,"This drawing occurs in close proximity to many other drawings of stags - CIL IV.10561 (nota). These drawings give the house its name: ""The House of the Stags""."
EDR145006,10561 (nota),,1110,4,((:cervus)),Drawing of a stag,,,,,,"This drawing occurs in close proximity to many other drawings of stags - CIL IV.10561 (nota). These drawings give the house its name: ""The House of the Stags""."
EDR145008,10561 (nota),,1125,4,((:cervus a viro laqueo captus et a cane assultatus)),Drawing of a stag,,,,,,"This drawing occurs in close proximity to many other drawings of stags - CIL IV.10561 (nota). These drawings give the house its name: ""The House of the Stags""."
EDR145009,10561 (nota),,1310,4,((:vir cervum equitans)),Drawing of a stag and a man,,,,,,"The drawings of deer give the house its name, ""The House of the Stags"". This drawing occurs in close proximity to many other drawings of stags - CIL IV.10561 (nota). This drawing is different than the rest because a man appears to be riding the deer."
EDR144353,10561 (nota),,2323,4,((:basis columnae)),Drawing of a column base,,,,,,This column base is located near 5 other similar column bases.
EDR144350,10561 (nota),,2321,4,((:basis columnae)),Drawing of a column base,,,,,,This column base is located near 5 other similar column bases.
EDR145764  ,10561 (nota),,1509,4,((:cervus)),Drawing of a stag,,,,,,"This drawing occurs in close proximity to many other drawings of stags - CIL IV.10561 (nota). These drawings give the house its name: ""The House of the Stags""."
EDR145765,10561 (nota),,1510,4,((:cervus)),Drawing of a stag,,,,,,"This drawing occurs in close proximity to many other drawings of stags - CIL IV.10561 (nota). These drawings give the house its name: ""The House of the Stags""."
EDR145766,10561 (nota),,1511,4,((:cervus)),Drawing of a stag,,,,,,"This drawing occurs in close proximity to many other drawings of stags - CIL IV.10561 (nota). These drawings give the house its name: ""The House of the Stags""."
EDR145767,10561 (nota),,1595,4,((:animal)),Drawing of an animal,,,,,,"Martin Langer calls this a ""Vierbeiner"", or ""four-legged friend"", as the animal is unidentified."
EDR145768,10561 (nota),,1596,4,((:animal)),Drawing of an animal,,,,,,"Martin Langer calls this a ""Vierbeiner"", or ""four-legged friend"", as the animal is unidentified."
EDR144347,10561 (nota),,2318,4,((:basis columnae cum parte columnae ornamentae et fortasse scalae)),Drawing of a column base,,,,,,This column base is located near 5 other similar column bases. This one is unique compared to the other bases because it is more decorated.
EDR145007 ,10561 (nota),,1124,4,((:cervus a viro laqueo captus)),Drawing of a stag,,,,,,"This drawing occurs in close proximity to many other drawings of stags - CIL IV.10561 (nota). These drawings give the house its name: ""The House of the Stags""."
EDR140135,10562,,,5,hic amor sapiet,Statement about love ,Here love will be wise,,,,,"""Sapio, sapere"" has many different connotations. Is love wise? Discreet? Does love have good taste?"
EDR140124  ,10563,a,,5,quis d,Graffito,Who...,,,,,"This interrogative pronoun is located near another one, CIL IV.10563b."
EDR140125,10563,b,,5,quid,Graffito,What,,,,,"This interrogative pronoun is located near another one, CIL IV.10563a."
EDR140129,10563,c,,5,MAL,Initials (?),M(arcus) A(---) L(---?),,,,,
EDR140146,10563,d,,5,SA,Beginning of a word,SA,,,,,
EDR140132,10564,,,5,Mam(ius),Beginning of a name (?),Mam(ius?),,,,,
EDR151867,10565,,,5,Vinum acceptum / ab domino VII Idus Apriles,Statement about a transaction ,Wine (was) received from the master seven days before the Ides of April.,,,,,Describes the transaction of wine and the date on which it happened.
EDR151868,10566,,,5,"<:columna I„ÄâAquaria dua cum basis / Aqua(ria?) in manus dua cum basis / Hamas duas cum basis / Aqua(rium?) in manu cotidianu I / cum basis / Urciolos duos / Candelabra quatuor / et lucubratoriu(m) unum / Lucerna(m) aenea(m) / Hamula(m) una(m) / Pelvi(s) cum basim / et lytrum / Gutos tres / Scapheola dua / Ferreas strig(i)les VII / Haenas quattor

„Äà:columna II„ÄâMarmor(em) cum basim / aenea / Fuminaria dua",Inventory ,"Column I: Two water jugs with bases, two (hand-sized?) water jugs with bases, two water buckets with bases, a (hand-sized?) water jug with a base for everyday use, two little pitchers, four lamp-stands, one night lamp, a bronze lamp, one small water bucket, a basin with a base, and a hand basin, three flasks, two small drinking vessels, seven iron strigils, four bronze (objects?). // Column II: marble with a base, two bronze fire-pokers(?)",,,,,"List of various jugs, liquid vessels, and other instruments. Is right below CIL IV.10565 which describes a transaction of wine."
EDR140039  ,10567,,,5,„Äà:columna I„Äâbranc / broc / trans / nus„Äà:columna II„Äânos/ter / tros / men „Äà:columna III„Äâquod / quid / quae / quas„Äà:columna IV„Äârum / quis / que / dem„Äà:columna V„Äâcon / les / lis / mu·∏∑„Äà:columna VI„Äâmol / ma / me / mae,Grammatical exercise,(Series of syllabus and words),,,,,"These are what are presumed to be grammatical exercises. However, many of the words have no definable meaning."
EDR140144,10568,,,5,Ma(n)sueta / tene ((:phallus)),Erotic graffito,"Mansueta, hold (on/it?)",,,,,"The message was written in charcoal. It seems likely that someone came at a later point and added a drawing by scratching it into the wall plaster beside the text, probably creating a joke."
EDR140166,10569,,,5,Cum quidam pauper ligas vi[vere?------] NQ,Beginning of a poem,When a certain poor man...,,,,,This beginning of a verse appears in graffiti several times at Pompeii and Herculaneum...
EDR140181,10570,,,5,Severus,Graffito naming Severus,Severus,,,,,
EDR140182,10571,,,5,CLXX,Roman numerals,"""170""",,,,,
EDR140184,10572,,,5,Iuvari,Graffito,To be helped,,,,,
EDR140185,10573,,,5,VERIII,Graffito naming Verus(?),Verus(?),,,,,"Solin suggests that this should be read as ""Verei"", the vocative for the name Vereius, a name known from Spain, Britain, and Africa."
EDR150399,10574,a,,5,L(uci) Aviani votum,Graffito mentioning a vow,"A vow (literally, something vowed) of Lucius Avianus",,,,,
EDR140186,10574,b,,5,Œ¶ab(ius),Graffito in Greek ,Fab(ius),,,,,"Possibly sexual (What? Not us- Lilly and Nathan) The name of a Romen gens transliterated into the Greek. The ""a"" and ""b"" in caps are probably the Greek ""Œ±"" and ""Œ≤"".  Della Corte and CIL decided to label this as **** rather than ***"
EDR140195,10575,,,5,XI k(alendas) pane(m) factum / III nonas pane(m) factum /„ÄöIII„Äõ,Statement about a transaction,"Eleven days before the Kalends, bread was made. Three days before the Nones, bread was made. Three",,,,,This graffito shows the Roman dating system. For more information on that go to the commentary for CIL IV.10579
EDR140197,10576,,,5,ROM,Beginning of a name (?),"Rom(ulus?), or Rom(a?)",,,,,"This could be Roma, Romula, or Romulus, or the initials of a tria nomina."
EDR140200,10577,,,5,Œ†œÅŒøŒ∫ŒªŒ±,Graffito in Greek,Œ†œÅœåŒ∫ŒªŒ±,,,,,"The name Œ†œÅŒøŒ∫ŒªŒ± is a fairly common Greek name. It even appears in Italy a few times. CIL says to use Œ†œÅŒøŒ∫ŒªŒ± for Procula, though Œ†œÅŒøŒ∫ŒªŒ± is a name and does not necessarily need to be changed."
EDR140206,10578,,,5,<:columna I> Rom(a?) / œâ / R <:columna II> Ocaeanus,Graffito naming Oceanus,(...) Oceanus,,,,,Ask about this œâ.
EDR140188,10579,,,5,VIII K(alendas) Martias / Numisii Genialis / gladiatorum paria X / Herculani,Statement about gladiatorial games,"On the eighth day before the Kalends of March (= February 22), ten pairs of gladiators (sponsored by) Numisius Genialis (will fight) at Herculaneum ",,,,,"This graffito is an informal announcement for gladiatorial games. In Pompeii we see large painted announcements of games, but this is very different because it is on a much smaller and less public scale. It states there will be a match that will have ten pairs of gladiators figthing. It is also important to note that the benefactor of these games appears to be a single person: Numisius Genialis. Advertisements in Pompeii usually announce twenty pairs of gladiators, so by comparison this a much smaller fight but still impressive since it seems that there is only a single benefactor. This graffito shows that there was a gladiatorial presence in the city of Herculaneum. There are also drawings of gladiator helmets which show that there was interest in gladiators in the city. Gladiatorial games were often used to improve public morale and were put on by the political elite to gain more popularity in the city. Evidence of gladiatorial games come from all over the Roman world, so is a common event. 
This graffito also provides an example of the dating system the Romans used. Instead of numbering the days of the month from one to thirty, the Romans named only three days in the month: the kalends, the nonnes, and the ides. The rest of the days were counted backwards from the closest named date. In this case the date that the games will be held is eight days before the kalends of March, meaning eight days before the first of March, which is February 24th."
EDR140191,10580,,,5,ex sept(em?),Wordplay (anagram),I wiped myself,,,,,How is this wordplay? I can't remember
EDR140141  ,10581,,,5,Centurio / centonem non habet / cen(---?),Statement about a centurion,The centurion does not have a blanket (...),,,,,This is the only graffito referencing anything about the miltary that we see in Herculaneum.     Patch-work quilt or cap worn under the helmet.
EDR140138,10582,,,5,Burr[us] petat H(---),Graffito,Burr(us) seeks (?),,,,,"A proposed translation for this is ""Burrus seeks"" however we cannot be sure of what the graffito is saying; there is some ambiguity. The first four letters of Burrus are visible and it is thought that they would finish to the name Burrus, though one cannot be sure. The reading of the incription was pedad, which CIL suggests should be changed to petat. "
EDR151872,10583,a,,5,Q(uintus) ++++++++,Graffito ,Quintus (...other text illegible),,,,,
EDR140139,10583,b,,5,Salvia Superba,Graffito naming Salvia Superba,Salvia Superba,,,,,
EDR140134,10584,,,5,David,Graffito naming David,David,,,,,There's got to be something we can say about this one-more than just that there is evidently some little Hebrew presence in the area.
EDR140164  ,10585,,,5,[---]N LA[---],Series of letters,(series of letters),,,,,Plaster missing to the left.
EDR140167,10586,a,,5,CEN,Series of letters,(series of letters),,,,,
EDR140169,10586,b,,5,GENT[--]RR[---],Series of letters,(series of letters),,,,,
EDR140175      ,10586,c,,5,[---] DIII VII,Series of letters,(series of letters),,,,,
EDR140178,10586,d,,5,cui in,Graffito,to whom in . . . ,,,,,
EDR145296 ,10586 (nota),,486,5,((:viri imago ad sinistram)),Drawing of a man,,,,,,
EDR140179,10587,,,5,P S (A)edituis,Graffito mentioning an office,P S   For the temple-attendants(?),,,,,"aedituus = aeditumus (OLD), but former form in inscriptions; is this nom sg or dat plural? It is unclear what the P and S signify."
EDR140127,10588,a,,5,BalÃÇb(us),Beginning of a name,Balbus,,,,,"This graffito may be referring to Marcus Nonius Balbus, who was a patron of Herculaneum. He was the benefactor of many public buildings, such as the basilica. After his death the town erected a statue and plaque which listed his honors and deeds for the city, this inscription can be found as EDR073648. The ""l"" and the ""b"" are in nexus."
EDR140057,10588,b,,5,Œ¶ŒπŒªŒπœÄœÄŒπ,Graffito in Greek,Oh Philippos!,,,,,"Possibly transliterated (?). This may be Œ¶ŒπŒªŒπœÄœÄŒøœÇ, though it has a Latinized ending."
EDR151873,10589,,,5,[---] socio F[---]/[---s?]AL(utem?),Graffito,(...) with a friend (...),,,,,"This graffito may contain greetings to a friend (socio), but much of the message is missing because of the deterioration of the wall plaster."
EDR151874,10590,,,5,((:circulus duplex)) IIIII/XX/XX/X,Roman numerals,"""5"" ""20"" ""20"" ""10""",,,,,
EDR151876,10591,,,5,Pr(etio?) XXX cu[+]XXX,Roman numerals,Price: 30   Cu(?): 30,,,,,"Perhaps the writer intended ""Pr"" as ""pretio"". Translation: ""With a price of '30', '30' (?)"". The meaning of ""cu"" is uncertain."
EDR151877,10592,,,6,Spedio Antymo [- - -]/[redi?]bis e Pompeian[o]/a Colono saÃ£(lutem?)/est augustaÃ≤lÃ≤[is],Graffito mentioning travel,To Spedius Antymus (... other letters here...) from Colonus (... other letters here...),,,,,what should we say?
EDR151886,10593,,,6,Saco(mata?) XX,Mention of weights and measures,"Counterweights(?) ""20""",,,,,
EDR151884,10594,,,6,·ºôœÅŒºŒØŒ±(œÇ),Graffito in Greek ,Hermias (i.e. a name),,,,,
EDR151890,10595,,,6,[- - -]cio s(alutem?) morieris Tomi. / Feliciter,Graffito mentioning the city Tomis,(... other letters here...) you will die in Tomis. Good luck! ,,,,,"Tomis was an ancient city in Dacia, on the western side of the Black Sea. It is well known because it is where Ovid was sent for his exile."
EDR145936,10596,,,6,Echio va(le),Greetings to Echio,Goodbye Echio.,,,,,Cf. CIL IV.10643
EDR156776,10596 (nota),,1377,6,((:vir baculo nixus)),Drawing of a man,,,,,,Drawing of a man holding a walking stick
EDR151892,10597,,,6,Cosmus cas(tus?),Graffito naming Cosmus,Chaste(?) Cosmus.,,,,,Cosmus was a leading ungent dealer in Rome.
EDR140145,10598,,,6,[·Ωà]ŒΩŒ≠œ≤ŒπŒºŒøœ≤/ŒµœÖŒΩœÖœ≤/LI[-]EM,Graffito in Greek,Onesimus (. . .),,,,,"Transliterated Greek name ""ŒüŒΩŒ∑œÉŒπŒºŒøœÇ"", meaning ""useful"".  This name appears  six times in Herculaneum (five times as ""Onesimus"" and once as ""[O]ŒΩŒ∑cŒπŒºŒøc""), 17 times in Pompeii (sixteen times as ""Onesimus"" and once as ""Honesimus""), once in Surrentum (""Onesimus""), once in Neapolis (Onesi[mus]), and twelve times in Puteoli (all ""Onesimus""). Many of them are freed slaves, though the name seems popular as a Romen cognomen as well. Cf. 10561."
EDR140151 ,10599,a,,6,A(ulus) Tati(us?)/[- - -]prius,Graffito mentioning names (?),Aulus Tati(us) (...other letters here...),,,,,
EDR140709    ,10599,b,,6,[Vi]bius,Mention of a name (?),Vibius?,,,,,"The actual inscription is only the end of a name ""bius"", however ""Vi"" is thought to be the beginning. Vibius is a common nomen that is seen throughout Herculaneum in the Wax Tablets and the Album of Herculaneum."
EDR140248,10600,,,6,"Cave(a)s, Timinia, / fures",Warning for Timinia,"Beware, Timinia: thieves!",,,,,A cautionary graffito.
EDR145935 ,10600 (nota),,1521,6,((:cervus stans)),Drawing of a stag,,,,,,A standing deer.
EDR151896,10601,,,6,FaÃ≤tÃ≤uÃ≤uÃ≤sÃ≤,Insult (?),Idiot,,,,,CIL states that this graffito is in the same location as CIL IV.10600 and CIL IV.10602. Perhaps this is a bit of unflattering.
EDR151898,10602,,,6,Flavia ŒòÃ≤ lÃ≤iÃ≤(n)gÃ≤iÃ≤sÃ≤ ,Series of characters,Flavia (other letters here),,,,,
EDR151417 ,10603,,,6,Nicanor Ovas,Graffito naming Nicanor,Nicanor (...?),,,,,"Done in wet plaster with large letters in the female baths, possibly by one of the workers plastering the walls, this graffito is still very visible today."
EDR140061 ,10604,a,,6,[?--- acce]pit Secundus Crusali ser(vus?) et Valentina ((:phallus)),Graffito naming a slave,"Secundus, the slave of Crusalus(?), along with Valentina, received (...?)",,,,,This graffito was done in charcoal.
EDR140062,10604,b,,6,(h)eribus miscella,Graffito,a mish-mash,,,,,This graffito was done in charcoal.
EDR140034,10604,c,,6,Stirisc[us?---] [M]oschus Noeto ,Greetings (?),Stirisc(us?...) /  (M)oschus to Noetus,,,,,This graffito was done in charcoal.
EDR147607 ,10604 (nota),,384,6,((:herma viri cum palma)),Drawing of a man,,,,,,This is a drawing of a man with a palm.
EDR151901,10605,,,6,[- - - d]ece[mbr?- - -],Series of letters,(D)ece(mber?),,,,,"The palster is missing on either side of ""ece"" so we don't know what else would be written."
EDR154566,10606,,,6,"Exem(p?)ta ste(r)cora a(ssibus) XI",Statement about a transaction,Dung removed for 11 asses (coins),,,,,Evidently plumbing was still expensive in the ancient world.
EDR140053,10607,,,6,R/Paris/amas,Graffito naming Paris,"R(?). Paris, you love",,,,,Where Paris is in the vocative.
EDR152815,10608,,,6,Rare lali omnes a,Graffito,"Infrequently, all the lullabies(?)...",,,,,"Is ""lali"" the cognomen ""Lalus""?"
EDR152929,10609,,,6,Hilarus,Graffito naming Hilarus (?),Hilarus,,,,,
EDR152930,10610,,,6,"[deli?]ciae [---]si tangere possem [---]entur aquas",Poetic graffito,my darling (...) if I were able to touch (passive verb here...) waters,,,,,
EDR152931,10611,,,6,Sab / inio,Graffito naming Sabinio (Œ£Œ±Œ≤ŒπŒΩŒπŒø),Sabinio (Œ£Œ±Œ≤ŒπŒΩŒπŒø),,,,,"CIL says ""Sabinio <s>s(alutem), in which case the translation should be ""Hello to Sabinius"""
EDR152962,10612,,,6,Aptos ((:signum incertum)) MME,Graffito,Cake (or loaf of bread). (symbol). MME.,,,,,"There is an ""uncertain sign"" inbetween the ""Aptos"" and the ""MME"" (possibly a tria nomina?) which has no known meaning. It looks like an arrow pointing up with a crossbar towards the bottum."
EDR152963,10613,,,6,XX IIIIIIIII,Tally marks,"""20"" ""9""",,,,,
EDR152964,10614,,,6,"K(alendas) Aug(ustas) Nonas Apr(ilis) Atinas",Graffito mentioning dates,"Kalends of August, Nones of April at Atina.",,,,,"Atina is a town located in central Italy, in the Frosinone region."
EDR152999,10615,,,6,Quartu(s),Graffito mentioning a name (?),Quartu(s),,,,,"Could be the ordinal number ""quartu(m)"", ""for the fourth time"", or the cognomen ""Quartu(s)""."
EDR153000,10616,,,6,Moderatus,Graffito naming Moderatus,Moderatus,,,,,
EDR140037,10617,,,Ins. Or. 1,XI k(alendas) Februarias,Graffito mentioning a date,The 11th day before the Kalends of February.,,,,,
EDR140040  ,10618,,,Ins. Or. 1,"C C ego",Initials (?),C. C. I (myself)....,,,,,"Possibly two initial of the tria nomina (i.e. ""I am CC). Also could be an abreviation - c(larissimus) c(onsul). "
EDR073355,10619,,,Ins. Or. 1,Apollinaris medicus TiÃÄtiÃÄ Impe(ratoris) <:servus> hic cacavit bene,Graffito naming Apollinaris (doctor of the emperor),"Apollinaris, doctor, slave of the emperor Titus, pooped well here",,,,,"This graffito is an example of one of the more colorful ones that are found throughout the Bay of Naples. The first line of the graffito shows its author: Apollinaris, and his position: doctor to the emperor Titus. Because there is mention of an emperor, this graffito is very famous; especially when coupled with its colorful language. The first line is larger than the rest of the graffito giving his name and title the most importance. Varone describes the handwriting as refined if not pompous.The inscription does have a lot of flourishes and is quite artfully done. Graffiti discussing bathroom habits is not an uncommon type of graffiti. The pairing of this is act with a man who has ties to the emperor, and is proud of that, is a contrast. Similar graffiti have been found in Ostia which is located south west of Rome on the coast. There the graffiti name the seven Greek sages, or famous wise men, and also various bathroom activities. 
This graffito raises many questions. Whether or not it was meant to be a joke, or perhaps an insult? And then do our opinions change when we take into account that Apollinaris is a doctor?"
EDR140050,10620,,,Ins. Or. 1,Bucolus,Graffito naming Bucolus,Bucolus,,,,,
EDR140052,10621,,,Ins. Or. 1,soli,Graffito,Alone...,,,,,"The word ""soli"" could be from one of three different Latin words; the noun for sun:sol, solis M., the adjective for alone: solus, sola, solum, or the noun for ground: solum, soli. solum N. Because there is no other context, we cannot tell which one it is. Therefore there are three possible translations: to the sun, (we) alone, or of the ground."
EDR140054,10622,,,Ins. Or. 1,feliciter ((:navis)),Greetings written in the shape of a boat,Good luck!,,,,,"Inscribed within a ship with the T as the mast and the letters as ours, this graffito marks a prominent place on one of the walls in the House of the Telephus Relief. Today it is badly faded and nearly illegible. In any case, the inscriber spelled it feliter, eliminating a full sylable.  Examples of nautical technopaegnion (writting names in the form of ships) like this occur throughout Herculaneum and Pompeii. For other examples, see CIL IV.10655a.,CIL IV.10655b., and CIL IV.10652."
EDR140834   ,10623,,,Ins. Or. 1,ŒöŒõŒóŒíŒôŒßŒù,"Greek letters
",(series of Greek letters),,,,,"This graffito, written in close proximity to 10624, another compilation of Greek letters, may be an example of an anagram. However, if it is one, it has not been deciphered. Another, less sensational possibility is that it merely represents someone practicing their letters."
EDR140835 ,10624,,,Ins. Or. 1,ŒõŒôŒëŒíŒôŒßŒ§Œõ,"Greek letters 
",(series of Greek letters),,,,,"This graffito, written in close proximity to CIL IV.10623, another compilation of Greek letters, may be an example of an anagram. However, if it is one, it has not been deciphered. Another, less sensational possibility is that it merely represents someone practicing their letters."
EDR140060,10625,a,,Ins. Or. 1,NO,Graffito,NO,,,,,
EDR140150,10625,b,,Ins. Or. 1,PAÃÇM,Initials (?),P(ublius) A(---) M(---?),,,,,Possibly a man's tria nomina?
EDR151894,10626,,,Ins. Or. 1,Artorius / [- - -]IIIII II III ,Graffito naming Artorius,"Artorius. ""5"" ""2"" ""3""",,,,,
EDR151895,10627,,,Ins. Or. 1,IVIIRIIHIIRI,Series of letters,(untranslateable series of letters),,,,,
EDR151897,10628,,,Ins. Or. 1,"V(?) Bombycion / fellat",Erotic grafitto,Bombycion sucks,,,,,"For the tag female see Solin 1973, 272-Not Nathan or Lilly.  Greek name? Look up LGPN"
EDR151899,10629,,,Ins. Or. 1,[- - -]o / [- - -]foro,Graffito,... (in the) forum (?),,,,,"It could be a Latin spelling of the name Nikephorus or Onesiphorus, but there are no other Latin words with ""for"" in the middle."
EDR153110,10630,,,Ins. Or. 1,Q(uintus) M[---] Antu[s ---],Graffito naming a man,Quintus M(---) Antu(s--?),,,,,"The middle of the graffito is damaged, making it impossible to tell whether ""ANTV"" is the beginning or middle of the name."
EDR153111,10631,,,Ins. Or. 1,Phoebus / aegrotes,Graffito naming Phoebus,Phoebus - May you fall ill.,,,,,"Fuibus for Phoebus and egrotes for aegrotes, nominative for vocative, @Hannah: Nice find! What a lovely inscription. Explain that it is a wish - subjunctive"
EDR154567,10632,a,,Ins. Or. 1,quattuor cer[---],Numerical graffito,Four (...),,,,,"CIL IV.10632a., b., and c. may be the only graffiti with written numbers, perhaps indicating that this was a single, one time transaction, one not subject to change, essentially ""set in stone"" (or in this case, plaster)."
EDR154568,10632,b,,Ins. Or. 1,Extan[t?] pÃ£isu / [---]quatus ne / Quinque,Numerical graffito,There exist (...other letters here...) ...fourth(?) not five,,,,,"Della Corte suggests ""risu"" for ""pisu"" (laughter verses pea-plant) and reads the missing portion of ""quatus"" as the name ""(Tor)quatus"", though he also suggests ""quartus"" (quarter) and ""quattuor"" (four) and ""quadruplum"" (quadruple). See CIL IV.1679 Add. p. 463 for ""quadtus"" as ""quattor"". CIL IV.10632a., b., and c. may be the only graffiti with written numbers, perhaps indicating that this was a single, one time transaction, one not subject to change, essentially ""set in stone"" (or in this case, plaster)."
EDR154569,10632,c,,Ins. Or. 1,Casium et / tres sc[---]rios habes,Mention of food,You have cheese and three (...),,,,,"Read ""casium"" as ""caseum"". CIL IV.10632a., b., and c. may be the only graffiti with written numbers, perhaps indicating that this was a single, one time transaction, one not subject to change, essentially ""set in stone"" (or in this case, plaster)."
EDR153151,10633,,,Ins. Or. 1,Albinus,Graffito naming Albinus,Albinus,,,,,
EDR153355,10634,,,Ins. Or. 1,Qui se tutari nescit nescit vivere / Minimum malu(m) fit contemnendo maximum,Poetic graffito,"He who does not know to guard himself does not know how to live. The tiniest trouble, if ignored, becomes tremendous (i.e. the smallest evil becomes the greatest).",,,,,poetic entry; check out Plautus for more alliteration with similar sentiment; Rex Wallace mentions also Publius Syrus
EDR153356,10635,,,Ins. Or. 1,Vidimus,Graffito,We saw,,,,,
EDR153357,10636,,,Ins. Or. 1,Cai,Graffito mentioning a name,"Gaius!  (vocative... or abbreviated nominative, or set of initials)",,,,,Possibly a tria nomina or Cai(us) for Gaius. or vocative?
EDR153358,10637,,,Ins. Or. 1,Poly(bius?),Graffito naming Polybius (?),Poly(bius?),,,,,"Or possibly transliterated from the Greek ""œÄŒøŒªœÖ,"" meaning ""much""."
EDR153483,10638,,,Ins. Or. 1,VS summ,Wordplay (?),the greatest (?) (with letters rearranged?),,,,,"CIL reads VS SUMM. Della Corta suggests ""summus"", where the suffix becomes the prefix."
EDR153484,10639,,,Ins. Or. 1,HIMME,Series of letters,(untranslateable series of letters),,,,,"This could be the beginning of the name Himerus, though the double ""m"" creates an issue. This letter combination is found most often in inscriptions for the name Trophime (RRB)."
EDR153487,10640,,,Ins. Or. 1,"Venimus, / venimus / hoc cupidi, / multo magis ire cupimus.",Poetic graffito,"We came! We came here desiring, much more do we desire to go",,,,,"This is the first line of a two line poem in elegiac couplets. Even though the author is unknown, it appears  to be incredibly popular. It has been found in Pompeii at least 10 other times (Cf. 1227, 2995, 6697, 8114, 8231a., 8891, 9849, 10065a.; Solin 1975, no. 17, Solin 1975, no. 57) and once more in Gaul. We know of two differing endings of the poem, though most writers simply transcribe the first line. This is one of many poetic graffiti in Herculaneum. For more information, see: Benefiel, Rebecca. ""Chapter 3: Rome in Pompeii: Wall Inscriptions and GIS,"" in Latin in Stone: Epigraphic Research and Electronic Archives, edited by Francisca Feraudi-Gruenais, 45-76. Lanham, MD: Lexington Books, 2010."
EDR153485,10641,,,Ins. Or. 1,Numini,Graffito,For the numen (divine will).,,,,,
EDR153486,10642,,,Ins. Or. 1,CA,Series of letters,CA,,,,,Possibly initials.
EDR154533,10643,a,,Ins. Or. 1,Anicete Paris va(le),Greetings to Anicetus and Paris,"Goodbye, Anicetus (and) Paris.",,,,,"It is very unusual to see a ""va"" meaning goodbye with two names, it is generally only seen with one name. This graffito is inscribed in the mortar between isodomic blocks."
EDR154534,10643,b,,Ins. Or. 1,Echio va(le),Greetings to Echio,"Goodbye, Echio.",,,,,Cf. 10596. This graffito is inscribed in the mortar between isodomic blocks.
EDR154535,10643,c,,Ins. Or. 1,L(uci?) Acti va(le). Mystice Mus comici icui pro te fuimus.,Greetings to Lucius Actius,"Lucius Actius, farewell. Mysticus, mus(ician), (slave?) of the comedian Icuus...we were for you. (trans. Cooley and Cooley)",,,,,"This graffito is inscribed in the mortar between isodomic blocks. We present the translation of Cooley and Cooley 2013. The name ""Icuus"" is otherwise unattested. Perhaps ""icui"" is an incorrect reading."
EDR153609,10644,,,Ins. Or. 1,"Meti(enus?)",Beginning of a name (?),Metienus(?) OR Mettius(?),,,,,"Only the first part of this graffito is visible, the Meti(---). This could be the start of either the name Metienus or Mettius. There is no other available information or context to determine which though."
EDR154576,10645,,,Ins. Or. 1,[X]anthi / trama / p(ondo) IX / stame(n) / p(ondo) VII / VIII,Statement about a transaction,"Cloth for (literally ""of"") Xanthus: weft - 9 (units by weight), warp - 7 (units), 8 ",,,,,Xanthus is a place? a river?
EDR153613,10646,,,Ins. Or. 1,Iuliam / ad dom(inam?),Graffito naming Julia,"To Julia, mistress",,,,,
EDR153615,10647,,,Ins. Or. 1,LXXII,Roman numerals,"""72""",,,,,
EDR140211,10648,,,Ins. Or. 2,charca miam sira,Graffito,(unknown meaning),,,,,"Written in large letters in the wet plaster above the lavatory, the meaning of this graffito is uncertain. ""Charca"" and ""sira"" have no known meaning in the Latin language. Della Corte suggests ""Calca meam (mentulam?), Syra"", where Syra is someone's name. "
EDR153740,10649,,,Ins. Or. 2,Amethyste vÃÇa(le),Greetings to Amethystus,"Goodbye, Amethystus.",,,,,
EDR153741,10650,,,Ins. Or. 2,CHIE IMN,Series of letters,"Chius, (...other letters here...)",,,,,"This graffito is no longer extant, as it was written in charcoal long washed away. The meaning of it is uncertain. "
EDR153800,10651,a,,Ins. Or. 2,((semis)) IIIII,Tally marks,"S ""5""",,,,,The S at the beginning of the numerical series here seems to denote a number following it.
EDR154423,10651,b,,Ins. Or. 2,((semis)) IIIIIIIIIIII XX,Tally marks,"S ""32""",,,,,
EDR140239,10652,,,Ins. Or. 2,C(aius) Iunius / ((:nomen C(AIUS) IUNIUS in forma navis scriptum)),Name written in the shape of a boat,Gaius Iunius,,,,,"Examples of nautical technopaegnion (writing names in the form of ships) like this occur throughout Herculaneum and Pompeii. For other examples, see CIL IV.10655a., CIL IV.10655b., and CIL IV.10622."
EDR140193,10653,a,,Ins. Or. 2,XVII,Tally marks,"""17""",,,,,
EDR140250,10653,b,,Ins. Or. 2,IIIIIII,Tally marks,"""7""",,,,,
EDR154570,10654,a,,Ins. Or. 2,Quant(?),Graffito,How much?,,,,,"Della Corte suggests ""qualit"" as the correct reading."
EDR154571,10654,b,,Ins. Or. 2,[Ius?]tus lusor,Graffito mentioning a game player,"(Ius)tus, the game player",,,,,"This could mean that Iustus is playing games or that he is a tease. For Iustus' other titles, see CIL IV.10654c."
EDR154572,10654,c,,Ins. Or. 2,Iustus cinaedu[s],Insult,Iustus (is a) pervert,,,,,"""Cinaedus"" referes specifically to the passive reciever of a sexual encounter. It can also be used loosly to refer to an effeminate man. For Iustus' other titles, see CIL IV.10654b."
EDR154573,10654,d,,Ins. Or. 2,cinaede,Insult,Pervert!,,,,,"""Cinaedus"" referes specifically to the passive reciever of a sexual encounter. It can also be used loosly to refer to an effeminate man. Here, the author of the graffito has placed ""cinaede"" in the vocative case, or, rather, the provacitive case, as he calls anyone who walks by ""cinaedus"". "
EDR140251 ,10654,e,,Ins. Or. 2,XXXIXXVVV,Numerical graffito,(Series of numbers),,,,,"Values differ depending on whether or not ""IX"" means ""9"" or ""11""."
EDR140252  ,10654,f,,Ins. Or. 2,IIIIIIIIIIIIIIIIII,Tally marks,"""18""",,,,,
EDR153742,10655,a,,Ins. Or. 2,Silentiolus / ((:nomen SILENTIOLUS in forma navis scriptum)),Name written in the shape of a boat,Silentiolus,,,,,"Examples of nautical technopaegnion (writting names in the form of ships) like this occur throughout Herculaneum and Pompeii. For other examples, see CIL IV.10655b., CIL IV.10622, and CIL IV.10652."
EDR153743,10655,b,,Ins. Or. 2,Silentiolus / ((:nomen SILENTIOLUS in forma navis scriptum)),Name written in the shape of a boat,Silentiolus,,,,,"Examples of nautical technopaegnion (writting names in the form of ships) like this occur throughout Herculaneum and Pompeii. For other examples, see CIL IV.10655a., CIL IV.10622, and CIL IV.10652."
EDR153849,10656,,,Ins. Or. 2,Ursi me comedant,Poetic graffito (?),Let the bears devour me.,,,,,"See CIL IV.10660, CIL IV.2360, CIL IV. 4008. CIL IV.2360 contains full poem."
EDR153850,10657,,,Ins. Or. 2,S(emis) C Y ((mille)) S(emis) S(emis),Numerical graffito,(Series of numbers?),,,,,
EDR153851,10658,,,Ins. Or. 2,Ultas,Graffito,The (women?) who have avenged (?),,,,,"This feminine, accusative plural participle of ulciscor (""I avenge"") is sitting by itself, but it is highlighted with a box around it. Who knows to what or to whom it refers?"
EDR153852,10659,,,Ins. Or. 2,((mille)) ((mille)),Numerical graffito,"""1000"" ""1000""",,,,,
EDR153853,10660,,,Ins. Or. 2,Ursi me comedan[t],Poetic graffito (?),Let the bears devour me.,,,,,"See CIL IV.10656, CIL IV.2360, CIL IV.4008, CIL IV.2360 contains full poem."
EDR153854,10661,,,Ins. Or. 2,[---]asu M umor[---],Graffito,(Other letters here...) moisture,,,,,
EDR154042,10662,,,Ins. Or. 2,,Graffito mentioning a date,"On the Nones of July (... damaged text here...). Eight days before the (...) was born. The day before the Nones and on the Nones (... damaged text here...) at Herculaneum, Nola, Pompeii... (...other text here).",,,,,
EDR154437,10663,a,,Ins. Or. 2,IIIIIIIIIIIIIIIIIIIII,Tally marks,"""21""",,,,,
EDR154439,10663,b,,Ins. Or. 2,IIIIIIIIIIIIIIIIIIII,Tally marks,"""20""",,,,,
EDR154440,10663,c,,Ins. Or. 2,IIIIIIIIIIIIIIIIIII,Tally marks,"""19""",,,,,
EDR154441,10663,d,,Ins. Or. 2,IIIIIIIIIIII,Tally marks,"""12""",,,,,
EDR154442,10663,e,,Ins. Or. 2,IIII,Tally marks,"""4""",,,,,
EDR154043,10664,,,Ins. Or. 2,Septembr(es) / III idus pro tunica ((denarius)) I a(sses) VIII,Statement about a transaction,"On the third day before the Ides of September, (I spent) one denarius and eight asses for a tunic.",,,,,
EDR154044,10665,,,Ins. Or. 2,A(n)sas n(umero) LXI / Anaticulas n(umero) CXXVI,Inventory,Handles (geese?) - 59. Ducklings - 126. ,,,,,"This graffito is found in a tavern. Della Corte suggested the first word could be a(n)sas, written for ""anseres"" (geese), which would fit with the idea of the second item being ducklings. (Della Corte wanted ansas = anseres, which would be somewhat in keeping with the ducklings.)"
EDR154443,10666,a,,Ins. Or. 2,IIIIIIIIIIIIIII,Tally marks,"""15""",,,,,
EDR154444,10666,b,,Ins. Or. 2,Omnes / XXXI,Tally marks,"All of them, ""31""",,,,,
EDR154445,10666,c,,Ins. Or. 2,IIIIIIIIIIIIIIIII /„Äà:vacat„Äâ III,Tally marks,"""17"" and ""3""",,,,,
EDR154446,10666,d,,Ins. Or. 2,IIIIIIIIIIIIIIII,Tally marks,"""16""",,,,,
EDR154045,10667,,,Ins. Or. 2,Ti(berius) Claud(ius),Graffito naming Tiberius Claudius,Tiberius Claudius,,,,,
EDR154574,10668,,,Ins. Or. 2,III nonas MÃÇaÃÇias / VII idus periit,Graffito mentioning a date,"Three days before the Nones of May. Seven days before the Ides, he (it?) died.",,,,,
EDR154046,10669,,,Ins. Or. 2,[---]at veniat,Graffito,...let him/her come.,,,,,
EDR154047,10670,a,,Ins. Or. 2,Cunei,Inventory,Wedges,,,,,"We entitled this as ""inventory"" becuase it located near CIL.IV 10670b which is an inventory and also mentions a cunei"
EDR154092,10670,b,,Ins. Or. 2,Cunei XXIII / Asseres XV,Inventory,"""23"" wedges. ""15"" poles.",,,,,
EDR154575,10671,,,Castellum,Lasius cin(a)edus,Insult,Lasius is a pervert.,,,,,
EDR154500,10672,,,Clivus,Maior va(le) / Maior va(le) / OMCA VIII,Greetings (?),"Goodbye, Maior. Goodbye, Maior. (...more text here...)",,,,,
EDR154421,10673,,,Clivus,VII a(sses) III,Graffito mentioning money,"""7"" asses (coins). ""3""",,,,,"Sturnus is not a known Roman name. It is the word for a starling, a kind of bird."
EDR156782,10673 (nota),,383,Clivus,((:caput gladiatoris ad sin. versum et galea armatum)),Drawing of a gladiator's head,,,,,,
EDR154177,10674,,,Suburban Baths,Nuc(es) biber(ia?) XIIII / Singa II / Panem III / Orellas III XII / Thymatla IIII VIII,Inventory,"nuts, drinks(?) - 14 (small coins, probably - this number appears to be the price);
pork rinds - 3;
three (loaves of) bread - 51; 
three cutlets - 12;
four thyme-flavored sausages - 8",,,,,John Bodel's article identified these thymatla as thyme-flavored sausages.
EDR154179,10675,,,Suburban Baths,"Duo sodales hic fuerunt, et, cum diu malum / Ministrum in omnia haberent / nomine Epaphroditum, vix tarde / Eum foras exigerunt (:exegerunt). / Consumpserunt persuavissime cum futuere ((sestertius)) CVS",Graffito about leisure,"Two friends were here, and they had a servant named Epaphroditus who was terrible at everything for the whole time, so they finally kicked him out. (Then?) they spent 105 1/2 sestertii most delightfully when they had sex.",,,,,
EDR102191,10676,,309,Suburban Baths,Hermeros Pr√¨migeniae dominae: / ven√¨ Puteolos in v√¨co Tyaniano et quaere / a Messio nummulario Hermerotem Phoeb√¨,Graffito giving directions,"Hermeros to his mistress Primigenia: come to Puteoli in the Tyanian street and ask from Messius, the money lender, for Hermeros (slave) of Phoebus.",,,,,"This three line graffito is written by the slave, Hermeros, in the suburban baths. He is directly addressing  a woman, Primigenia, whom he calls his mistress or lover, who he thought would read his message. He leaves his whereabouts in the near-by city, Puteoli,  the name of his owner, Phoebus, and the name of the man who might know his immediate location within the city. She has all the information needed to locate him, if she so desires. Pompeii attests to at least two other addresses scratched into the wall plaster with similar instructions. 
Some little controversy has been sparked over the identity of the woman mentioned in this graffito, Primigenia. While Primigenia is a common name represented in this region, especially in Pompeii (see CIL IV 3976, 5358, 8175, 8260, 8274, 830?1, 8356, 10241), certain scholars have suggested that they all belong to a single individual. Della Corte argues that she was a traveling actress or a vivacious female intellectual, something of a first century pop-icon from Nuceria (one of the inscriptions mentioning her name leaves an address). However, Verone differs, saying that the sheer number of hands these inscriptions are written in, their locations (the baths, the lupinare), and even the name of the street Primigenia lived on (the Venarian road) suggest that she may have been a high class prostitute. See: erotica Pompeiana by Verone and Loves and Lovers in Ancient Pompeii by Della Corte."
EDR144357,10676 (nota),,278,Suburban Baths,((:herma viri)),Drawing of a man,,,,,,
EDR143636,10676 (nota),,,Suburban Baths,"((:caput acutum cum nasone longo et corona, gryllus?))",Drawing of a head,,,,,,
EDR154185,10677,,,Suburban Baths,Apelles cubicularius / cum Dextro Caesar(is) / pranderunt hic / iucundissime et / future simul.,Erotic graffito,"Apelles, the bedroom attendant, with Dexter, (slave) of Caesar, ate lunch here most agreeably and also had sex.",,,,,
EDR154186,10678,,,Suburban Baths,Apelles Mus cum fratre Dextro / Amabiliter futuimus bis / Bina(s),Erotic graffito,"Apelles Mus (was here) with his brother Dexter. We had a great time (literally, ""lovingly had intercourse""), twice with two girls.",,,,,
EDR154189,10679,,,Suburban Baths,Euhodus,Graffito naming Euhodus,Euhodus,,,,,
EDR154190,10680,,,Suburban Baths,Mortu(u)s / Sumpo(rus) ,Graffito,Symphorus is dead,,,,,
EDR154368,10681,,,Suburban Baths,[F]usci Cilix / Cilix,Graffito naming Cilix,"Cilix, (slave) of Fuscus. Cilix.",,,,,
EDR154369,10682,,,Suburban Baths,XII,Roman numerals,"""12""",,,,,
EDR154370,10683,,,Suburban Baths,VIII k(alendas) Iulias,Graffito mentioning a date,Eight days before the Kalends of July,,,,,
EDR154371,10684,,,Rampa,Sala[rius] glabe(r) rusiunnae (?) Lavinia(m) futui,Erotic graffito,Bald Sala(rius?)... Lavinia...,,,,,"This is a graffito, which goes around the corner of the wall. It is scratched throughout, thus, making the reading difficult and uncertain. "
EDR154372,10685,,,Rampa,Caetronius,Graffito naming Caetronius,Caetronius,,,,,
EDR140978   ,10686,,,Rampa,Vivanius Ater ubique,Graffito naming Vivanius,Vivanius Ater everywhere,,,,,"The plaster for this graffito is in very poor condition, and will probably collapse off the wall soon."
EDR154373,10687,,,Rampa,Urso,Graffito,To the bear,,,,,
EDR140979,10688,,,Rampa,VMVCOSV,Series of letters,(untranslatable series of letters),,,,,"The second letter in this graffito is unclear. It could be an M, an A and an L, or any other similar looking letters. "
EDR154429,10689,,,Rampa,Urban(e) vÃÇa(le),Greetings to Urbanus,"Goodbye, Urbanus",,,,,
EDR154430,10690,,,Rampa,omnibus Salinensi[b]u[s „Äà:salutem?„Äâ],Graffito naming the Salinenses,To all the Salinenses...,,,,,
EDR154431,10691,,,Rampa,Modesti,Graffito naming Modestus,of Modestus,,,,,
EDR154432,10692,,,Rampa,Phyl(lis?) va(le),Greetings to Phyllis,"Goodbye, Phyllis.",,,,,
EDR154433,10693,,,Rampa,"Vitalio / pedica ut comatus / urosacula / Syrus / foliatus",Erotic graffito,Vitalio... (more confusing text here).,,,,,In June 2016 the right part of this graffito was obscured by a wooden barrier.
EDR154434,10694,,,Rampa,"Loginus IV Idu[s Iu]lias / Iu{a}lias accepit vim hila(re) / Sturnus am(ator?)",Erotic graffito,"Longinus - Four days before the Ides of July, he received physical force cheerfully. Starling(?)...",,,,,"there are two ""date"" tags on the tag list; it is possible that this writer wrote IULIAS for the month of July twice; RRB: I don't see Sturnus ever used as a name; it's a starling. Turnus doesn't appear as a name either. S(a)turnus maybe, suggests RRB?"
EDR140980    ,10695,,,Rampa,Quam mita (?) vis (?). Pastores atque. Caste monit erga pugiles (?).,Graffito mentioning professions,"How soft is violence? Shepherds too. Chastely, he warns (him?) regarding the boxers.",,,,,
EDR140982 ,10696,,,Rampa,IPIVS VI DV,Series of letters,(untranslatable series of letters),,,,,
EDR140983  ,10697,,,Rampa,"Fortunatus amat Amplianda(m). / Ianuarius amat Veneria(m).
 / Rogamus domina Venus / ut nos in mente(m) habeas / quod te modo interrogamus.",Prayer to Venus,Fortunatus loves Amplianda. Ianuarius loves Veneria. We ask mistress Venus that you keep us in mind (and also) that which we now ask of you.,,,,,"This is one of the longest messages among the Herculanean graffiti, made more remarkable by its small size, with letters that are half a centimeter high. Beginning as a declaration of love and evolving into a divine supplication, the five line prayer to Venus, the goddess of love, was inscribed into the wet plaster of the ramp either by the workman doing the plastering or by someone passing by soon afterward. Plaster dries overnight, narrowing the window of opportunity significantly. Nevertheless, whoever Fortunatus and Ianuarius were, they needed a little divine help to win their women, Amplianda and Veneria. They were at least bold enough to explicitly name themselves and their lovers on the wall of the ramp, the only causeway to and from the sea from the city of Herculaneum."
EDR140986 ,10698,,,Rampa,urso urso,Graffito,"To the bear, to the bear",,,,,"The CIL entry for this graffito implies both instances of URSO are related.  The first URSO, however, is 12.2 cm below and 11 cm to the left of the second URSO."
EDR154537,10699,,,Rampa,{Pa} Paulin,Series of letters,Paulin(us?),,,,,
EDR154538,10700,,,Rampa,Feliciter [P]roculo,Greetings to Proculus,"Good luck, Proculus.",,,,,"The CIL says this graffito is written in red rock. Part of this graffito does appear to be scratched, but some of it (namely the R in ROCULO) appears to be painted."
EDR154539,10701,,,Rampa,Vin(icius?) / Florus / Paris / C(aius) Messenius,List of names,"Vin(icius?), Florus, Paris, Gaius Messenius",,,,,
EDR154540,10702,,,Rampa,Careius,Graffito mentioning a name,Careius (OR Gaius Areius),,,,,Both Careius and Areius are attested gentilicia but each is an uncommon name.
EDR140987,10703,,,Rampa,Marcus,Graffito naming Marcus,Marcus,,,,,"The CIL says this is written in carbone, however, we found no evidence of this. Della Corte does not specify whether this graffito was written in carbone or not, which led us to think Ciprotti assumed it was written in carbone."
EDR156779,10704,,,Rampa,[A]ve Fausta s(alutem),Greetings to Fausta,"Greetings, Fausta!",,,,,
EDR154541,10704 (nota),,,Rampa,((:phallus)) ,Drawing of a phallus,,,,,,
EDR154542,10705,,,Rampa,[--- f]inibus[s? ---] feliciter,Greetings,May things go happily for (some group of people - text damaged),,,,,
EDR154563,10706,,,Rampa,Va(le) va(le),Greetings,"Goodbye, goodbye",,,,,
EDR154588,10707,,,3,ŒëŒíŒìŒîŒïŒñŒóŒòŒôŒöŒõŒú,Greek alphabet,Beginning of Greek alphabet,,,,,
EDR154589,10708,,,4,ŒëŒíŒìŒîŒï,Greek alphabet,Beginning of Greek alphabet,,,,,
EDR140209,10709,,,5,AB / ŒëŒíŒìŒîŒïŒñŒóŒò,Greek alphabet,Beginning of Greek alphabet,,,,,
EDR140180  ,10710,,,5,ŒúŒùŒûŒüŒ†Œ°œπŒ§Œ•Œ¶ŒßŒ®Œ©,Greek alphabet,Second half of Greek alphabet,,,,,
EDR140130,10711,,,5,ABCDEFGHILMNOPQ,Alphabet,Most of a Latin alphabet,,,,,
EDR143814,10711 (nota),,963,5,((:galea gladiatoria cum crista ad dext.)),Drawing of a gladiator helmet,,,,,,This drawing is accompained by eight others in close proximity.
EDR143815,10711 (nota),,964,5,((:galea gladiatoria cum crista ad dext.)),Drawing of a gladiator helmet,,,,,,This drawing is accompained by eight others in close proximity.
EDR143832,10711 (nota),,965,5,((:galea gladiatoria cum crista ad dext.)),Drawing of a gladiator helmet,,,,,,This drawing is accompained by eight others in close proximity.
EDR147158,10711 (nota),,966,5,((:galea gladiatoria)),Drawing of a gladiator helmet,,,,,,This drawing is accompained by eight others in close proximity.
EDR143833 ,10711 (nota),,967,5,((:galea gladiatoria)),Drawing of a gladiator helmet,,,,,,This drawing is accompained by eight others in close proximity.
EDR144783,10711 (nota),,968,5,((:galea gladiatoria cum crista)),Drawing of a gladiator helmet,,,,,,This drawing is accompained by eight others in close proximity.
EDR144784 ,10711 (nota),,969,5,((:galea gladiatoria cum crista)),Drawing of a gladiator helmet,,,,,,This drawing is accompained by eight others in close proximity.
EDR143634,10711 (nota),,970,5,((:galea gladiatoria cum crista ad sin.)),Drawing of a gladiator helmet,,,,,,This drawing is accompained by eight others in close proximity.
EDR144659,10711 (nota),,971,5,((:galea gladiatoria)),Drawing of a gladiator helmet,,,,,,This drawing is accompained by eight others in close proximity.
EDR158824,10711 (nota),,,5,((:phallus)) ,Drawing of a phallus,,,,,,
EDR154590,10712,,,6,ABCDEFGHIK,Alphabet,(Beginning of an alphabet),,,,,
EDR154591,10713,,,6,QABCDEFG,Alphabet,(Beginning of an alphabet),,,,,
EDR154592,10714,,,6,ABCD,Alphabet,(Beginning of an alphabet),,,,,
EDR154593,10715,,,Ins. Or. 1,ŒîŒïŒñŒó,Greek alphabet,(Part of the Greek alphabet),,,,,
EDR154594,10716,,,Ins. Or. 1,ŒëŒíŒìŒî,Greek alphabet,(Beginning of an alphabet),,,,,
EDR154595,10717,,,Ins. Or. 2,ŒëŒíŒìŒîŒïŒñŒóŒòŒôŒöŒõŒúŒùŒûŒüŒ†Œ°Œ£Œ§Œ•Œ¶ŒßŒ®Œ©,Greek alphabet,(The whole alphabet in Greek),,,,,"This graffito presents a complete Greek alphabet. Most of the inscriptions from Herculaneum are in Latin, but this is one of the few written in Greek. It is also special because the alphabet is written out in full; while other graffiti include only segments. The entirety of the alphabet is written in uppercase letters with the exception of the last letter, the omega, which is in lowercase. The graffito is written in very clear handwriting, deeply inscribed, and the plaster is well preserved, which means that the graffito is in good condition. This graffito was found inside a wine shop.


"
,,,,,,,,,,,,
EDR144356,,,40,6,((:sex circuli quorum duo simplices et quattor duplices sunt)),Drawing of circles,,,,,,
EDR145384,,,903,2,((:gladiator armatus cum galea exigua et scuto longo)),Drawing of a gladiator,,,,,,
EDR145943,,,1289,2,((:scaena erotica)),Drawing of an erotic scene,,,,,,
EDR145030,,,1372,5,"((:gryllus feminae cum cornibus, unguibus, dentibus, et alis, falcem aut baculum tenentis))",Drawing of a monster (?),,,,,,
EDR144514,,,1443,5,"((:camelus dromedarius cum cauda, lodicem gerens, ad dextram incedens))",Drawing of a camel,,,,,,"This graffito is an example of the 50 figural graffiti from Herculaneum. Most of the graffiti that we have from Herculaneum are stags, gladiator helmets, or column bases. This one is thought to be a camel, which makes it unique. The animal‚Äôs long neck, small head, and feet make it different than other quadrupeds we see. The hooves make it different from a horse, the fact that there is a blanket on it makes it different from the stags, and the neck and head look more similar to a camel than a donkey which is the animal Langner describes it as. A camel would not be a typical animal seen in the Italian peninsula, but artist could have visited Rome and seen one, or even maybe had been in Africa. This is not impossible because Herculaneum did have a lot of boat traffic and Africa is just across the Mediterranean."
EDR145032,,,1688,5,((:gallus cum crista alisque)),Drawing of a rooster,,,,,,
EDR145036,,,2169,Ins. Or. I,((:navis)),Drawing of a boat,,,,,,
EDR145037,,,2220,Ins. Or. I,((:carina navis)),Drawing of a boat,,,,,,
,,,,,,,,,,,,
EDR156980,,"Varone 2000, c",,Decumanus,Sabin(a) Sabina,Graffito naming Sabina,"Sabina, Sabina",,,,,"The name ""Sabina"" is written twice on this column, which stands on the north side of the Decumanus Maximus, the main road of town. Sabin(a) is first written in cursive lettering. Below, it is then written in capital letters. (Cf. Varone 2000: 279.)"
EDR156999,Varone 2000,f,,4,Hic situs / Suellius,Graffito naming Suellius,Suellius is located here.,,,,,
EDR156998,Varone 2000,g,,Suburban Baths,Mortuus / Hercolanius,Graffito ,Hercolanius is dead.,,,,,
EDR156981,Varone 2000,h,,5,k(alendas) III Iulias,Graffito mentioning a date,Three days before the Kalends of July,,,,,
EDR156982,Varone 2000,i,,Decumanus,Paris,Graffito naming Paris,Paris,,,,,
EDR157024,Varone 2000,l,,Suburban Baths,Mortus Deii(us),Graffito,Deii(us) is dead(?).,,,,,
EDR157025,Varone 2000,m,,6,A. Memm(ius),Graffito mentioning a name (?),Aulus Memm(ius),,,,,
EDR157040,Varone 2000,n,,3,Himnus,Graffto mentioning a name (?),Himnus,,,,,
,Guadagno?,,,,,,,,,,,